station_id,station_name,page_url,notes,enabled
weta,WETA,https://weta.org/about/reports,reports page includes audited financial statements and 990s,1
gbh,GBH,https://www.wgbh.org/foundation/reports-filings,reports and filings page with consolidated financial statements,1
whyy,WHYY,https://whyy.org/financial-statements/,financial statements page with audited statements and filings,1
opb,Oregon Public Broadcasting,https://www.opb.org/financials/,financials and CPB/FCC compliance reports,1
wlrn,WLRN,https://www.wlrn.org/audited-financial-statements,audited financial statements page,1
pbs-wisconsin,PBS Wisconsin,https://pbswisconsin.org/support/financials/,annual reports and audited financial statements,1
idaho-ptv,Idaho Public Television,https://www.idahoptv.org/about/friendsofidptv/,friends page links to annual audits and reports,1
iowa-pbs,Iowa PBS,https://www.iowapbs.org/about/reports,performance reports page; audits also published by Iowa Auditor | URL_UPDATED_2026-03-09,1
wnyc,New York Public Radio (WNYC),https://www.wnyc.org/about/review/,annual review page with latest audited financial statements,1
ktep,KTEP Public Radio,https://www.ktep.org/audited-financial-statements,audited financial statements page with annual PDFs,1
wfit,WFIT Public Radio,https://www.wfit.org/audited-financials,audited financials page,1
krps,KRPS Public Radio,https://www.krps.org/financials,financial page with audited reports and audit report links,1
pbssocal,PBS SoCal,https://www.pbssocal.org/about/financial,open financial records with audited statements and CPB AFR links,1
knkx,KNKX Public Radio,https://www.knkx.org/reports,reports page includes audited financial statements and AFRs,1
wunc,WUNC,https://www.wunc.org/station-policies-financial-documents,station policies and financial docs page with audited statements,1
kpbs,KPBS,https://www.kpbs.org/archive-audited-financial-statements-as-pdfs,archive of audited financial statements in PDF,1
wrkf,WRKF Public Radio,https://www.wrkf.org/about,about page lists audited financial reports and statements,1
wyoming-pm,Wyoming Public Media,https://www.wyomingpublicmedia.org/audited-financial-statements-and-eeo-information,audited financial statements and CPB AFR links,1
krcu,KRCU Public Radio,https://www.krcu.org/krcu-public-radio-public-documents,public docs page includes audited financial statements,1
upr,Utah Public Radio,https://www.upr.org/public-reports,public reports page with financial statements,1
wmky,WMKY,https://www.wmky.org/wmky-financial-statement,financial statement page with annual documents,1
wemu,WEMU,https://www.wemu.org/documents,public documents page including audited financial statements,1
pbs-national,PBS (national),https://www.pbs.org/about/about-pbs/financials,national benchmark financial reports page,1
wtvp,WTVP,https://www.wtvp.org/about/public-files/,public files page with annual audited financial statements and CPB AFR reports,1
lpm,Louisville Public Media,https://www.lpm.org/reports-and-filings,reports and filings page linking independent audit summary and AFR docs,1
kut,KUT,https://www.kut.org/about-old,about page includes audited financial statements and CPB AFR links,1
tpr,Texas Public Radio,https://www.tpr.org/financial-reports,financial reports page with audited statements and AFR docs,1
michigan-public,Michigan Public,https://www.michiganpublic.org/public-documents,public documents page with annual financial statements and AFR links,1
wmuk,WMUK,https://www.wmuk.org/open-records,open records page includes audited statements and CPB AFR reports,1
wdet,WDET,https://wdet.org/publicdocuments/,public documents page with audited statements and AFR links,1
cfpublic,Central Florida Public Media,https://www.cfpublic.org/legal-and-financial-documents,legal and financial docs page with audited statements and AFR links,1
waer,WAER,https://www.waer.org/privacy-policy,policies/compliance page includes audited statement and AFR links,1
kedm,KEDM,https://www.kedm.org/about-kedm,about page references audited statements and AFR availability,1
montana-pbs,MontanaPBS (Friends),https://www.montanapbs.org/friends/publicreportingtransparency/,public reporting policy page for governance and audited statement access,1
cpr,Colorado Public Radio,https://www.cpr.org/about/fcc-public-files/,finances page with audited financial statements and AFR links | URL_UPDATED_2026-03-09,1
kqed,KQED,https://www.kqed.org/about/fcc-public-inspection-files,financial and FCC files page with audited financials and CPB AFR docs,1
alaska-pm,Alaska Public Media,https://alaskapublic.org/about/public-documents,public documents page with audited financials and AFR links,1
wabe,WABE,https://www.wabe.org/annual-reports/,annual reports page with audited financial reports and public inspection docs,1
wamu,WAMU,https://wamu.org/reports,reports page referenced for complete audited financial statements,1
bethel-broadcasting-inc,"Bethel Broadcasting, Inc.",https://bethel.org/about/,"UNRESOLVED: candidate from 990 watchlist; page_url to be added after verification | hint: Bethel Broadcasting, Inc. audited financial statements public documents | AUTO_DISCOVERY_CANDIDATE score=2 | AUTO_DISCOVERY_REJECTED: low-value directory domain | AUTO_DISCOVERY_CANDIDATE score=4 | AUTO_DISCOVERY_CANDIDATE score=11 | AUTO_DISCOVERY_REJECTED: non-station, article, or weak-match URL | AUTO_DISCOVERY_CANDIDATE score=15 | AUTO_DISCOVERY_REJECTED: non-station or weak-match URL",0
ktoo-public-media,KTOO Public Media,https://www.ktoo.org/reports-and-financial-statements/,"UNRESOLVED: candidate from 990 watchlist; page_url to be added after verification | hint: KTOO Public Media audited financial statements public documents | RESOLVED: reports and financial statements page with audited financials, 990, and CPB AFR links",1
rural-california-broadcasting-corporation,Rural California Broadcasting Corporation,https://ruralpublic.org/about/,"UNRESOLVED: candidate from 990 watchlist; page_url to be added after verification | hint: Rural California Broadcasting Corporation audited financial statements public documents | AUTO_DISCOVERY_CANDIDATE score=4 | AUTO_DISCOVERY_REJECTED: low-value directory domain | AUTO_DISCOVERY_REJECTED: non-station or aggregator domain | AUTO_DISCOVERY_CANDIDATE score=9 | AUTO_DISCOVERY_REJECTED: non-station, article, or weak-match URL | AUTO_DISCOVERY_CANDIDATE score=11",0
redwood-empire-public-television-inc,"Redwood Empire Public Television, Inc.",https://www.keet.org/about/annual-reports/,"UNRESOLVED: candidate from 990 watchlist; page_url to be added after verification | hint: Redwood Empire Public Television, Inc. audited financial statements public documents | RESOLVED: KEET annual reports page with audited financial statements and CPB reports",1
valley-public-television-inc,"Valley Public Television, Inc.",https://valleypbs.org/reports-and-public-files/,"UNRESOLVED: candidate from 990 watchlist; page_url to be added after verification | hint: Valley Public Television, Inc. audited financial statements public documD13OVERY_CANDIDATE score=8 | VERIFIED_DISCOVERY: ValleyPBS reports and public files page",1
public-media-group-of-southern-california,Public Media Group of Southern California,https://www.pbssocal.org/about/financial,UNRESOLVED: candidate from 990 watchlist; page_url to be added after verification | hint: Public Media Group of Southern California audited financial statements public documents | RESOLVED: PMGSC/PBS SoCal financial page with audited statements,1
northern-california-educational-television-associa,"Northern California Educational Television Association, Inc.",https://www.kixe.org/about/,"UNRESOLVED: candidate from 990 watchlist; page_url to be added after verification | hint: Northern California Educational Television Association, Inc. audited financial statements public documents | AUTO_DISCOVERY_CANDIDATE score=4 | AUTO_DISCOVERY_REJECTED: low-value directory domain | AUTO_DISCOVERY_CANDIDATE score=6 | AUTO_DISCOVERY_CANDIDATE score=2 | AUTO_DISCOVERY_CANDIDATE score=13 | AUTO_DISCOVERY_REJECTED: non-station or aggregator domain | AUTO_DISCOVERY_CANDIDATE score=9",0
kvie-inc,"KVIE, Inc.",https://www.kvie.org/about-us/facts-public-info,"UNRESOLVED: candidate from 990 watchlist; page_url to be added after verification | hint: KVIE, Inc. audited financial statements public documents | AUTO_DISCOVERY_CANDIDATE score=1 | AUTO_DISCOVERY_REJECTED: low-value directory domain | AUTO_DISCOVERY_CANDIDATE score=2 | AUTO_DISCOVERY_CANDIDATE score=3 | AUTO_DISCOVERY_CANDIDATE score=6 | AUTO_DISCOVERY_REJECTED: non-station, article, or weak-match URL | AUTO_DISCOVERY_CANDIDATE score=11",0
kqed-inc,KQED Inc.,https://www.kqed.org/about/fcc-public-inspection-files,UNRESOLVED: candidate from 990 watchlist; page_url to be added after verification | hint: KQED Inc. audited financial statements public documents | RESOLVED: KQED financial/FCC page with audited financial statements and CPB AFR docs,1
colorado-public-television-inc,"Colorado Public Television, Inc.",https://www.pbs12.org/about/policies-reports,"UNRESOLVED: candidate from 990 watchlist; page_url to be added after verification | hint: Colorado Public Television, Inc. audited financial statements public documents | AUTO_DISCOVERY_CANDIDATE score=3 | AUTO_DISCOVERY_REJECTED: low-value directory domain | AUTO_DISCOVERY_CANDIDATE score=2 | AUTO_DISCOVERY_REJECTED: non-station or aggregator domain | AUTO_DISCOVERY_CANDIDATE score=11 | AUTO_DISCOVERY_REJECTED: non-station, article, or weak-match URL",0
rocky-mountain-public-broadcasting-network-inc,"Rocky Mountain Public Broadcasting Network, Inc.",https://www.rmpbs.org/about/compliance,"UNRESOLVED: candidate from 990 watchlist; page_url to be added after verification | hint: Rocky Mountain Public Broadcasting Network, Inc. audited financial statements public documents | AUTO_DISCOVERY_CANDIDATE score=4 | AUTO_DISCOVERY_REJECTED: low-value directory domain | AUTO_DISCOVERY_CANDIDATE score=6 | VERIFIED_DISCOVERY: Rocky Mountain PBS compliance page with reports",1
connecticut-public-broadcasting-inc,"Connecticut Public Broadcasting, Inc.",https://www.ctpublic.org/about/statements-government-filings,"UNRESOLVED: candidate from 990 watchlist; page_url to be added after verification | hint: Connecticut Public Broadcasting, Inc. audited financial statements public documents | RESOLVED: annual financial reports, audited statements, and IRS filings page",1
wjct-inc,"WJCT, Inc.",https://www.wjct.org/about/,"UNRESOLVED: candidate from 990 watchlist; page_url to be added after verification | hint: WJCT, Inc. audited financial statements public documents | AUTO_DISCOVERY_CANDIDATE score=5 | AUTO_DISCOVERY_REJECTED: low-value/non-source domain | AUTO_DISCOVERY_CANDIDATE score=2 | AUTO_DISCOVERY_REJECTED: non-station, article, or weak-match URL | AUTO_DISCOVERY_CANDIDATE score=11 | AUTO_DISCOVERY_REJECTED: non-station or weak-match URL | AUTO_DISCOVERY_REJECTED: non-station, directory, or article URL",0
south-florida-pbs-inc,"South Florida PBS, Inc.",https://www.southfloridapbs.org/about/reports/,"UNRESOLVED: candidate from 990 watchlist; page_url to be added after verification | hint: South Florida PBS, Inc. audited financial statements public documents | UNVERIFIED_GUESS: likely financial/audit page URL; confirm before enabling | VERIFIED_ALIAS: South Florida PBS legal entity mapped to station public files page | URL_UPDATED_2026-03-09",1
the-school-board-of-miami-dade-county-florida,"The School Board of Miami-Dade County, Florida",https://www.wlrn.org/audited-financial-statements,"UNRESOLVED: candidate from 990 watchlist; page_url to be added after verification | hint: The School Board of Miami-Dade County, Florida audited financial statements public documents | RESOLVED: WLRN licensee entity; station audited financial statements page",1
florida-west-coast-public-broadcasting-inc,"Florida West Coast Public Broadcasting, Inc.",https://www.wedu.org/about/public-records/,"UNRESOLVED: candidate from 990 watchlist; page_url to be added after verification | hint: Florida West Coast Public Broadcasting, Inc. audited financial statements public documents | AUTO_DISCOVERY_CANDIDATE score=8 | AUTO_DISCOVERY_UPGRADED: replaced state-auditor link with WEDU public records page | VERIFIED_DISCOVERY: WEDU public records page",1
guam-educational-telecommunications-corporation,Guam Educational Telecommunications Corporation,https://www.pbsguam.org/public-files/,"UNRESOLVED: candidate from 990 watchlist; page_url to be added after verification | hint: Guam Educational Telecommunications Corporation audited financial statements public documents | AUTO_DISCOVERY_CANDIDATE score=10 | AUTO_DISCOVERY_REJECTED: non-station, article, or weak-match URL | AUTO_DISCOVERY_CANDIDATE score=13",0
hawaii-public-television-foundation,Hawaii Public Television Foundation,https://www.pbshawaii.org/about/station-reports/,"UNRESOLVED: candidate from 990 watchlist; page_url to be added after verification | hint: Hawaii Public Television Foundation audited financial statements public documents | AUTO_DISCOVERY_CANDIDATE score=3 | AUTO_DISCOVERY_REJECTED: low-value/non-source domain | AUTO_DISCOVERY_CANDIDATE score=7 | AUTO_DISCOVERY_REJECTED: non-station, article, or weak-match URL | AUTO_DISCOVERY_CANDIDATE score=13",0
window-to-the-world-communications-inc,"Window to the World Communications, Inc.",https://www.wfmt.com/about-us/financial-information/,"UNRESOLVED: candidate from 990 watchlist; page_url to be added after verification | hint: Window to the World Communications, Inc. audited financial statements public documents | RESOLVED: financial information page with audited financial statements (WTTW/WFMT)",1
illinois-valley-public-telecommunications-corporat,Illinois Valley Public Telecommunications Corporation,https://www.wtvp.org/about/public-files/,UNRESOLVED: candidate from 990 watchlist; page_url to be added after verification | hint: Illinois Valley Public Telecommunications Corporation audited financial statements public documents | AUTO_DISCOVERY_CANDIDATE score=9 | VERIFIED_ALIAS: Illinois Valley PTC legal entity mapped to WTVP public files page,1
wnin-tri-state-public-media-inc,"WNIN Tri-State Public Media, Inc.",https://www.wnin.org/about/other-information/,"UNRESOLVED: candidate from 990 watchlist; page_url to be added after verification | hint: WNIN Tri-State Public Media, Inc. audited financial statements public documents | RESOLVED: WNIN other information page with financial audit and AFR availability",1
fort-wayne-public-television-inc,"Fort Wayne Public Television, Inc.",https://www.pbsfortwayne.org/home/who-we-are/public-records/,"UNRESOLVED: candidate from 990 watchlist; page_url to be added after verification | hint: Fort Wayne Public Television, Inc. audited financial statements public documents | AUTO_DISCOVERY_CANDIDATE score=5 | VERIFIED_ALIAS: PBS Fort Wayne legal entity mapped to public records page",1
metropolitan-indianapolis-public-media-inc,"Metropolitan Indianapolis Public Media, Inc.",https://www.wfyi.org/about/public-files,"UNRESOLVED: candidate from 990 watchlist; page_url to be added after verification | hint: Metropolitan Indianapolis Public Media, Inc. audited financial statements public documents | AUTO_DISCOVERY_CANDIDATE score=6 | AUTO_DISCOVERY_REJECTED: low-value/non-source domain | AUTO_DISCOVERY_CANDIDATE score=3 | AUTO_DISCOVERY_CANDIDATE score=13 | AUTO_DISCOVERY_REJECTED: non-station, article, or weak-match URL | AUTO_DISCOVERY_REJECTED: non-station, directory, or article URL",0
northwest-indiana-public-broadcasting-inc,"Northwest Indiana Public Broadcasting, Inc.",https://www.ipm.org/about/reports,"UNRESOLVED: candidate from 990 watchlist; page_url to be added after verification | hint: Northwest Indiana Public Broadcasting, Inc. audited financial statements public documents | AUTO_DISCOVERY_CANDIDATE score=6 | AUTO_DISCOVERY_REJECTED: low-value/non-source domain | AUTO_DISCOVERY_CANDIDATE score=3 | AUTO_DISCOVERY_CANDIDATE score=5 | AUTO_DISCOVERY_CANDIDATE score=11 | AUTO_DISCOVERY_REJECTED: non-station, article, or weak-match URL | AUTO_DISCOVERY_REJECTED: non-station, directory, or article URL",0
michiana-public-broadcasting-corporation,Michiana Public Broadcasting Corporation,https://www.wnit.org/about/reports,"UNRESOLVED: candidate from 990 watchlist; page_url to be added after verification | hint: Michiana Public Broadcasting Corporation audited financial statements public documents | AUTO_DISCOVERY_CANDIDATE score=3 | AUTO_DISCOVERY_REJECTED: non-station or aggregator domain | AUTO_DISCOVERY_CANDIDATE score=11 | AUTO_DISCOVERY_REJECTED: non-station, article, or weak-match URL",0
smoky-hills-public-television,Smoky Hills Public Television,https://www.smokyhillspbs.org/home/about-us/public-information/,UNRESOLVED: candidate from 990 watchlist; page_url to be added after verification | hint: Smoky Hills Public Television audited financial statements public documents | AUTO_DISCOVERY_CANDIDATE score=10 | VERIFIED_DISCOVERY: Smoky Hills PBS public information/reports page,1
kansas-public-telecommunications-service-inc,"Kansas Public Telecommunications Service, Inc.",https://www.kpts.org/about/public-file/,"UNRESOLVED: candidate from 990 watchlist; page_url to be added after verification | hint: Kansas Public Telecommunications Service, Inc. audited financial statements public documents | AUTO_DISCOVERY_CANDIDATE score=4 | AUTO_DISCOVERY_REJECTED: low-value/non-source domain | AUTO_DISCOVERY_CANDIDATE score=11",0
kentucky-authority-for-educational-television,Kentucky Authority for Educational Television,https://ket.org/about/reports-and-filings/,UNRESOLVED: candidate from 990 watchlist; page_url to be added after verification | hint: Kentucky Authority for Educational Television audited financial statements public documents | AUTO_DISCOVERY_CANDIDATE score=6 | VERIFIED_DISCOVERY: KET reports and filings page,1
louisiana-educational-television-authority,Louisiana Educational Television Authority,https://www.lpb.org/about/reports/,UNRESOLVED: candidate from 990 watchlist; page_url to be added after verification | hint: Louisiana Educational Television Authority audited financial statements public documents | RESOLVED: Louisiana network legal authority; LPB reports page | URL_UPDATED_2026-03-09,1
educational-broadcasting-foundation-inc,"Educational Broadcasting Foundation, Inc.",https://www.wlae.com/financial-reports/,"UNRESOLVED: candidate from 990 watchlist; page_url to be added after verification | hint: Educational Broadcasting Foundation, Inc. audited financial statements public documents | AUTO_DISCOVERY_CANDIDATE score=11 | AUTO_DISCOVERY_REJECTED: non-station or aggregator domain | AUTO_DISCOVERY_REJECTED: non-station, article, or weak-match URL | UNVERIFIED_GUESS: likely station site; confirm financial/public-files page before enabling",1
greater-new-orleans-educational-television-foundat,Greater New Orleans Educational Television Foundation,https://www.wyes.org/about/reports,"UNRESOLVED: candidate from 990 watchlist; page_url to be added after verification | hint: Greater New Orleans Educational Television Foundation audited financial statements public documents | AUTO_DISCOVERY_CANDIDATE score=4 | AUTO_DISCOVERY_REJECTED: low-value/non-source domain | AUTO_DISCOVERY_CANDIDATE score=11 | AUTO_DISCOVERY_REJECTED: non-station, article, or weak-match URL",0
wgbh-educational-foundation,WGBH Educational Foundation,https://www.wgbh.org/foundation/reports-filings,UNRESOLVED: candidate from 990 watchlist; page_url to be added after verification | hint: WGBH Educational Foundation audited financial statements public documents | RESOLVED: Alias of GBH legal entity; same reports/filings page,1
maryland-public-broadcasting-commission,Maryland Public Broadcasting Commission,https://www.mpt.org/about/publicinspectionfile/,UNRESOLVED: candidate from 990 watchlist; page_url to be added after verification | hint: Maryland Public Broadcasting Commission audited financial statements public documents | UNVERIFIED_GUESS: likely financial/audit page URL; confirm before enabling | VERIFIED_ALIAS: Maryland Public Television legal entity mapped to financial reports page | URL_UPDATED_2026-03-09,1
maine-public-broadcasting-corporation,Maine Public Broadcasting Corporation,https://www.mainepublic.org/financial-reports-990-forms,UNRESOLVED: candidate from 990 watchlist; page_url to be added after verification | hint: Maine Public Broadcasting Corporation audited financial statements public documents | RESOLVED: Maine Public financial reports and 990 forms page with audited financials/AFR links,1
detroit-educational-television-foundation,Detroit Educational Television Foundation,https://www.detroitpbs.org/about/resources/reports-policies/,UNRESOLVED: candidate from 990 watchlist; page_url to be added after verification | hint: Detroit Educational Television Foundation audited financial statements public documents | UNVERIFIED_GUESS: likely financial/audit page URL; confirm before enabling | VERIFIED_ALIAS: Detroit PBS legal entity mapped to public files page | URL_UPDATED_2026-03-09,1
west-central-minnesota-etv-company,West Central Minnesota ETV Company,https://www.pioneer.org/about/regulatoryreports/,"UNRESOLVED: candidate from 990 watchlist; page_url to be added after verification | hint: West Central Minnesota ETV Company audited financial statements public documents | AUTO_DISCOVERY_CANDIDATE score=11 | AUTO_DISCOVERY_REJECTED: non-station, article, or weak-match URL | AUTO_DISCOVERY_CANDIDATE score=9 | AUTO_DISCOVERY_REJECTED: non-station, directory, or article URL | VERIFIED_MANUAL: Pioneer PBS regulatory reports page with audited financial statement links",1
ksmq-public-service-media-inc,"KSMQ Public Service Media, Inc.",https://www.ksmq.org/about-us/,"UNRESOLVED: candidate from 990 watchlist; page_url to be added after verification | hint: KSMQ Public Service Media, Inc. audited financial statements public documents | AUTO_DISCOVERY_CANDIDATE score=13 | AUTO_DISCOVERY_REJECTED: non-station, article, or weak-match URL | AUTO_DISCOVERY_CANDIDATE score=11",0
northern-minnesota-public-television-inc,"Northern Minnesota Public Television, Inc.",https://www.lakelandpbs.org/about/public-files/,"UNRESOLVED: candidate from 990 watchlist; page_url to be added after verification | hint: Northern Minnesota Public Television, Inc. audited financial statements public documents | UNVERIFIED_GUESS: likely financial/audit page URL; confirm before enabling | VERIFIED_ALIAS: Lakeland PBS legal entity mapped to public files page",1
duluth-superior-area-educational-television-corpor,Duluth-Superior Area Educational Television Corporation,https://pbsnorth.org/about/reports,UNRESOLVED: candidate from 990 watchlist; page_url to be added after verification | hint: Duluth-Superior Area Educational Television Corporation audited financial statements public documents | AUTO_DISCOVERY_CANDIDATE score=11,0
twin-cities-public-television-inc,"Twin Cities Public Television, Inc.",https://www.tpt.org/public-filings/,"UNRESOLVED: candidate from 990 watchlist; page_url to be added after verification | hint: Twin Cities Public Television, Inc. audited financial statements public documents | UNVERIFIED_GUESS: likely financial/audit page URL; confirm before enabling | VERIFIED_ALIAS: Twin Cities PBS legal entity mapped to TPT financials page | URL_UPDATED_2026-03-09",1
public-television-19-inc,"Public Television 19, Inc.",https://www.kansascitypbs.org/about/public-file/,"UNRESOLVED: candidate from 990 watchlist; page_url to be added after verification | hint: Public Television 19, Inc. audited financial statements public documents | UNVERIFIED_GUESS: likely financial/audit page URL; confirm before enabling | VERIFIED_ALIAS: Kansas City PBS legal entity mapped to public files page | URL_UPDATED_2026-03-09",1
st-louis-regional-public-media-inc,"St. Louis Regional Public Media, Inc.",https://www.stlpr.org/annual-reports/latest,"UNRESOLVED: candidate from 990 watchlist; page_url to be added after verification | hint: St. Louis Regional Public Media, Inc. audited financial statements public documents | UNVERIFIED_GUESS: likely financial/audit page URL; confirm before enabling | VERIFIED_ALIAS: St. Louis Public Radio legal entity mapped to reports/financials page | URL_UPDATED_2026-03-09",1
prairie-public-broadcasting-inc,"Prairie Public Broadcasting, Inc.",https://www.prairiepublic.org/about/compliance-reports/,"UNRESOLVED: candidate from 990 watchlist; page_url to be added after verification | hint: Prairie Public Broadcasting, Inc. audited financial statements public documents | UNVERIFIED_GUESS: likely financial/audit page URL; confirm before enabling | VERIFIED: compliance reports page with independent auditor reports and CPB AFR links",1
new-hampshire-public-broadcasting,New Hampshire Public Broadcasting,https://nhpbs.org/about/annualreport.asp,UNRESOLVED: candidate from 990 watchlist; page_url to be added after verification | hint: New Hampshire Public Broadcasting audited financial statements public documents | UNVERIFIED_GUESS: likely financial/audit page URL; confirm before enabling | VERIFIED_ALIAS: NH PBS legal entity mapped to financial reports page | URL_UPDATED_2026-03-09_PASS2,1
channel-5-public-broadcasting-inc,"Channel 5 Public Broadcasting, Inc.",https://www.pbsreno.org/about/reports/,"UNRESOLVED: candidate from 990 watchlist; page_url to be added after verification | hint: Channel 5 Public Broadcasting, Inc. audited financial statements public documents | UNVERIFIED_GUESS: likely financial/audit page URL; confirm before enabling | VERIFIED_ALIAS: PBS Reno legal entity mapped to public files page | URL_UPDATED_2026-03-09_PASS2",1
wskg-public-telecommunications-council,WSKG Public Telecommunications Council,https://www.wskg.org/wskg-public-reports-policies,UNRESOLVED: candidate from 990 watchlist; page_url to be added after verification | hint: WSKG Public Telecommunications Council audited financial statements public documents | RESOLVED: public reports/policies page with annual audited financial statements,1
western-new-york-public-broadcasting-association,Western New York Public Broadcasting Association,https://www.wned.org/about/financial-statements/,UNRESOLVED: candidate from 990 watchlist; page_url to be added after verification | hint: Western New York Public Broadcasting Association audited financial statements public documents | UNVERIFIED_GUESS: likely financial/audit page URL; confirm before enabling | VERIFIED_ALIAS: WNED Buffalo Toronto Public Media legal entity mapped to financial statements page,1
wnet,WNET,https://www.wnet.org/about/financials/,UNRESOLVED: candidate from 990 watchlist; page_url to be added after verification | hint: WNET audited financial statements public documents | UNVERIFIED_GUESS: likely financial/audit page URL; confirm before enabling | VERIFIED_ALIAS: WNET/THIRTEEN mapped to about financials page | URL_UPDATED_2026-03-09_PASS2,1
mountain-lake-public-telecommunications-council,Mountain Lake Public Telecommunications Council,https://mountainlake.org/about/,"UNRESOLVED: candidate from 990 watchlist; page_url to be added after verification | hint: Mountain Lake Public Telecommunications Council audited financial statements public documents | AUTO_DISCOVERY_CANDIDATE score=13 | AUTO_DISCOVERY_REJECTED: non-station, article, or weak-match URL | AUTO_DISCOVERY_REJECTED: non-station, directory, or article URL",0
wxxi-public-broadcasting-council,WXXI Public Broadcasting Council,https://www.wxxi.org/about-wxxi/,"UNRESOLVED: candidate from 990 watchlist; page_url to be added after verification | hint: WXXI Public Broadcasting Council audited financial statements public documents | RESOLVED: WXXI about page includes financial statements, 990, and AFR links",1
wmht-educational-telecommunications,WMHT Educational Telecommunications,https://www.wmht.org/publicdocuments/,UNRESOLVED: candidate from 990 watchlist; page_url to be added after verification | hint: WMHT Educational Telecommunications audited financial statements public documents | UNVERIFIED_GUESS: likely financial/audit page URL; confirm before enabling | VERIFIED: public documents page with audited financial statements and CPB AFR links,1
the-public-broadcasting-council-of-central-new-yor,"The Public Broadcasting Council of Central New York, Inc.",https://www.wcny.org/about/public-files,"UNRESOLVED: candidate from 990 watchlist; page_url to be added after verification | hint: The Public Broadcasting Council of Central New York, Inc. audited financial statements public documents | AUTO_DISCOVERY_CANDIDATE score=13 | AUTO_DISCOVERY_REJECTED: non-station or aggregator domain",0
st-lawrence-valley-educational-television-council,"St. Lawrence Valley Educational Television Council, Inc.",https://www.wpbstv.org/about/reports,"UNRESOLVED: candidate from 990 watchlist; page_url to be added after verification | hint: St. Lawrence Valley Educational Television Council, Inc. audited financial statements public documents | AUTO_DISCOVERY_CANDIDATE score=13 | AUTO_DISCOVERY_REJECTED: non-station or aggregator domain | AUTO_DISCOVERY_CANDIDATE score=11",0
northeastern-educational-television-of-ohio-inc,"Northeastern Educational Television of Ohio, Inc.",https://www.ideastream.org/about/financials-reports,"UNRESOLVED: candidate from 990 watchlist; page_url to be added after verification | hint: Northeastern Educational Television of Ohio, Inc. audited financial statements public documents | UNVERIFIED_GUESS: likely financial/audit page URL; confirm before enabling | VERIFIED: Ideastream legal entity alias; same audited financial/AFR reports page",1
the-greater-cincinnati-television-educational-foun,The Greater Cincinnati Television Educational Foundation,https://www.cetconnect.org/about/reports/,UNRESOLVED: candidate from 990 watchlist; page_url to be added after verification | hint: The Greater Cincinnati Television Educational Foundation audited financial statements public documents | UNVERIFIED_GUESS: likely financial/audit page URL; confirm before enabling | VERIFIED_ALIAS: CET legal entity mapped to WCET public files page | URL_UPDATED_2026-03-09_PASS2,1
ideastream,Ideastream,https://www.ideastream.org/about/financials-reports,"UNRESOLVED: candidate from 990 watchlist; page_url to be added after verification | hint: Ideastream audited financial statements public documents | UNVERIFIED_GUESS: likely financial/audit page URL; confirm before enabling | VERIFIED: Boards, Financials & Reports page with annual financials, audited statement, and CPB/FCC files",1
greater-dayton-public-television-inc,"Greater Dayton Public Television, Inc.",https://thinktv.org/about/public-file/,"UNRESOLVED: candidate from 990 watchlist; page_url to be added after verification | hint: Greater Dayton Public Television, Inc. audited financial statements public documents | UNVERIFIED_GUESS: likely financial/audit page URL; confirm before enabling | VERIFIED_ALIAS: ThinkTV legal entity mapped to public files page | URL_UPDATED_2026-03-09_PASS2",1
public-broadcasting-foundation-of-northwest-ohio,Public Broadcasting Foundation of Northwest Ohio,https://www.wgte.org/about/financial-information,UNRESOLVED: candidate from 990 watchlist; page_url to be added after verification | hint: Public Broadcasting Foundation of Northwest Ohio audited financial statements public documents | UNVERIFIED_GUESS: likely financial/audit page URL; confirm before enabling | VERIFIED_ALIAS: WGTE legal entity mapped to public files page | URL_UPDATED_2026-03-09_PASS2,1
southern-oregon-public-television-inc,"Southern Oregon Public Television, Inc.",https://www.sopbs.org/about/public-files,"UNRESOLVED: candidate from 990 watchlist; page_url to be added after verification | hint: Southern Oregon Public Television, Inc. audited financial statements public documents | AUTO_DISCOVERY_CANDIDATE score=13",0
lehigh-valley-public-telecommunications-corporatio,Lehigh Valley Public Telecommunications Corporation,https://www.lehighvalleypublicmedia.org/about-us/,"UNRESOLVED: candidate from 990 watchlist; page_url to be added after verification | hint: Lehigh Valley Public Telecommunications Corporation audited financial statements public documents | AUTO_DISCOVERY_CANDIDATE score=13 | AUTO_DISCOVERY_REJECTED: non-station, article, or weak-match URL | AUTO_DISCOVERY_REJECTED: non-station, directory, or article URL",0
public-broadcasting-of-northwest-pennsylvania-inc,"Public Broadcasting of Northwest Pennsylvania, Inc.",https://pennsylvaniapbs.org/about/,"UNRESOLVED: candidate from 990 watchlist; page_url to be added after verification | hint: Public Broadcasting of Northwest Pennsylvania, Inc. audited financial statements public documents | AUTO_DISCOVERY_CANDIDATE score=13 | AUTO_DISCOVERY_REJECTED: non-station or aggregator domain | AUTO_DISCOVERY_CANDIDATE score=11",0
witf-inc,"WITF, Inc.",https://www.witf.org/about/public-disclosures/,"UNRESOLVED: candidate from 990 watchlist; page_url to be added after verification | hint: WITF, Inc. audited financial statements public documents | UNVERIFIED_GUESS: likely financial/audit page URL; confirm before enabling | VERIFIED: public disclosures page with audited financial statements and IRS filings",1
whyy-inc,"WHYY, Inc.",https://whyy.org/financial-statements/,"UNRESOLVED: candidate from 990 watchlist; page_url to be added after verification | hint: WHYY, Inc. audited financial statements public documents | RESOLVED: Alias of WHYY legal entity; same financial statements page",1
wqed-multimedia,WQED Multimedia,https://www.wqed.org/public-documents/,UNRESOLVED: candidate from 990 watchlist; page_url to be added after verification | hint: WQED Multimedia audited financial statements public documents | UNVERIFIED_GUESS: likely financial/audit page URL; confirm before enabling | VERIFIED_ALIAS: WQED mapped to financials page | URL_UPDATED_2026-03-09_PASS2,1
northeastern-pennsylvania-educational-television-a,Northeastern Pennsylvania Educational Television Association,https://pennsylvaniapbs.org/about/,UNRESOLVED: candidate from 990 watchlist; page_url to be added after verification | hint: Northeastern Pennsylvania Educational Television Association audited financial statements public documents | AUTO_DISCOVERY_CANDIDATE score=11,0
sistema-universitario-ana-g-mendez-inc,"Sistema Universitario Ana G. Mendez, Inc.",https://agmu.edu/es/noticias/ana-g-mendez-university-participa-en-transitions-life,"UNRESOLVED: candidate from 990 watchlist; page_url to be added after verification | hint: Sistema Universitario Ana G. Mendez, Inc. audited financial statements public documents | AUTO_DISCOVERY_CANDIDATE score=9 | AUTO_DISCOVERY_REJECTED: non-station, article, or weak-match URL | AUTO_DISCOVERY_CANDIDATE score=10 | AUTO_DISCOVERY_REJECTED: non-station, directory, or article URL",0
puerto-rico-public-broadcasting-corporation,Puerto Rico Public Broadcasting Corporation,https://wipr.pr/,"UNRESOLVED: candidate from 990 watchlist; page_url to be added after verification | hint: Puerto Rico Public Broadcasting Corporation audited financial statements public documents | AUTO_DISCOVERY_CANDIDATE score=11 | AUTO_DISCOVERY_REJECTED: non-station or aggregator domain | AUTO_DISCOVERY_REJECTED: non-station, article, or weak-match URL | AUTO_DISCOVERY_REJECTED: non-station, directory, or article URL | AUTO_DISCOVERY_CANDIDATE score=9 | VERIFIED_MANUAL: WIPR site includes Documentos Publicos with financial statements/public files",1
rhode-island-pbs-foundation,Rhode Island PBS Foundation,https://www.ripbs.org/about/compliance,UNRESOLVED: candidate from 990 watchlist; page_url to be added after verification | hint: Rhode Island PBS Foundation audited financial statements public documents | UNVERIFIED_GUESS: likely financial/audit page URL; confirm before enabling | VERIFIED: meetings & finance page with financial statement and CPB AFR links,1
the-greater-chattanooga-public-television-corporat,The Greater Chattanooga Public Television Corporation,https://www.greaterchattanooga.org/about,"UNRESOLVED: candidate from 990 watchlist; page_url to be added after verification | hint: The Greater Chattanooga Public Television Corporation audited financial statements public documents | AUTO_DISCOVERY_CANDIDATE score=13 | AUTO_DISCOVERY_REJECTED: non-station or aggregator domain | AUTO_DISCOVERY_CANDIDATE score=12 | AUTO_DISCOVERY_REJECTED: non-station, article, or weak-match URL | AUTO_DISCOVERY_REJECTED: non-station, directory, or article URL",0
west-tennessee-public-television-council-inc,"West Tennessee Public Television Council, Inc.",https://www.wkno.org/fcc-public-files/,"UNRESOLVED: candidate from 990 watchlist; page_url to be added after verification | hint: West Tennessee Public Television Council, Inc. audited financial statements public documents | AUTO_DISCOVERY_CANDIDATE score=9 | AUTO_DISCOVERY_REJECTED: non-station, article, or weak-match URL | AUTO_DISCOVERY_CANDIDATE score=11",0
the-mid-south-public-communications-foundation-inc,"The Mid-South Public Communications Foundation, Inc.",https://www.wkno.org/fcc-public-files/,"UNRESOLVED: candidate from 990 watchlist; page_url to be added after verification | hint: The Mid-South Public Communications Foundation, Inc. audited financial statements public documents | AUTO_DISCOVERY_CANDIDATE score=13 | AUTO_DISCOVERY_REJECTED: non-station or aggregator domain | AUTO_DISCOVERY_REJECTED: non-station, article, or weak-match URL | AUTO_DISCOVERY_CANDIDATE score=11",0
nashville-public-television-inc,"Nashville Public Television, Inc.",https://www.wnpt.org/about/public-information/,"UNRESOLVED: candidate from 990 watchlist; page_url to be added after verification | hint: Nashville Public Television, Inc. audited financial statements public documents | UNVERIFIED_GUESS: likely financial/audit page URL; confirm before enabling | VERIFIED_ALIAS: Nashville PBS legal entity mapped to public files page | URL_UPDATED_2026-03-09_PASS2",1
upper-cumberland-broadcast-council,Upper Cumberland Broadcast Council,https://www.wcte.org/About/public-information/financial-reports/,"UNRESOLVED: candidate from 990 watchlist; page_url to be added after verification | hint: Upper Cumberland Broadcast Council audited financial statements public documents | AUTO_DISCOVERY_CANDIDATE score=13 | AUTO_DISCOVERY_REJECTED: non-station or aggregator domain | AUTO_DISCOVERY_CANDIDATE score=9 | AUTO_DISCOVERY_REJECTED: non-station, article, or weak-match URL | AUTO_DISCOVERY_CANDIDATE score=15 | AUTO_DISCOVERY_REJECTED: non-station, directory, or article URL",0
alamo-public-telecommunications-council,Alamo Public Telecommunications Council,https://pbs.klrn.org/aboutus/public-files,UNRESOLVED: candidate from 990 watchlist; page_url to be added after verification | hint: Alamo Public Telecommunications Council audited financial statements public documents | AUTO_DISCOVERY_CANDIDATE score=13,0
south-texas-public-broadcasting-system-inc,"South Texas Public Broadcasting System, Inc.",https://www.kedt.org/about-us/public-file-fcc-annual-report,"UNRESOLVED: candidate from 990 watchlist; page_url to be added after verification | hint: South Texas Public Broadcasting System, Inc. audited financial statements public documents | AUTO_DISCOVERY_CANDIDATE score=13 | AUTO_DISCOVERY_REJECTED: non-station or aggregator domain | AUTO_DISCOVERY_CANDIDATE score=4 | AUTO_DISCOVERY_REJECTED: non-station, article, or weak-match URL",0
north-texas-public-broadcasting-inc,"North Texas Public Broadcasting, Inc.",https://texaspbs.org/about/,"UNRESOLVED: candidate from 990 watchlist; page_url to be added after verification | hint: North Texas Public Broadcasting, Inc. audited financial statements public documents | AUTO_DISCOVERY_CANDIDATE score=11 | AUTO_DISCOVERY_REJECTED: non-station or aggregator domain",0
permian-basin-public-telecommunications-inc,"Permian Basin Public Telecommunications, Inc.",https://pbt-permian.com/annual-qtrly-reports/,"UNRESOLVED: candidate from 990 watchlist; page_url to be added after verification | hint: Permian Basin Public Telecommunications, Inc. audited financial statements public documents | AUTO_DISCOVERY_CANDIDATE score=13 | AUTO_DISCOVERY_REJECTED: non-station or aggregator domain | AUTO_DISCOVERY_CANDIDATE score=11 | AUTO_DISCOVERY_REJECTED: non-station, article, or weak-match URL | AUTO_DISCOVERY_CANDIDATE score=8 | AUTO_DISCOVERY_REJECTED: non-station, directory, or article URL | AUTO_DISCOVERY_CANDIDATE score=6",0
utah-state-board-of-regents,Utah State Board of Regents,https://www.uen.org/tv/cpb-compliance/financial.shtml,"UNRESOLVED: candidate from 990 watchlist; page_url to be added after verification | hint: Utah State Board of Regents audited financial statements public documents | AUTO_DISCOVERY_CANDIDATE score=13 | AUTO_DISCOVERY_REJECTED: non-station, article, or weak-match URL | AUTO_DISCOVERY_CANDIDATE score=11 | AUTO_DISCOVERY_REJECTED: non-station, directory, or article URL | VERIFIED_MANUAL: KUEN/UEN CPB compliance financial page with AFR and annual audit links",1
the-greater-washington-educational-telecommunicati,"The Greater Washington Educational Telecommunications Association, Inc.",https://weta.org/about/reports,"UNRESOLVED: candidate from 990 watchlist; page_url to be added after verification | hint: The Greater Washington Educational Telecommunications Association, Inc. audited financial statements public documents | RESOLVED: WETA legal entity name; reports page with audited financials",1
hampton-roads-educational-telecommunications-assoc,"Hampton Roads Educational Telecommunications Association, Inc.",https://www.whro.org/annual-reports/cpb-reports,"UNRESOLVED: candidate from 990 watchlist; page_url to be added after verification | hint: Hampton Roads Educational Telecommunications Association, Inc. audited financial statements public documents | AUTO_DISCOVERY_CANDIDATE score=13 | AUTO_DISCOVERY_REJECTED: non-station, article, or weak-match URL",0
vpm-media-corporation,VPM Media Corporation,https://www.vpm.org/vpm-open-financial-records-policy,UNRESOLVED: candidate from 990 watchlist; page_url to be added after verification | hint: VPM Media Corporation audited financial statements public documents | RESOLVED: VPM open financial records policy page with audit/financial records availability,1
blue-ridge-public-television-inc,"Blue Ridge Public Television, Inc.",https://www.bpr.org/about-bpr-blue-ridge-public-radio,"UNRESOLVED: candidate from 990 watchlist; page_url to be added after verification | hint: Blue Ridge Public Television, Inc. audited financial statements public documents | AUTO_DISCOVERY_CANDIDATE score=13 | AUTO_DISCOVERY_REJECTED: non-station, article, or weak-match URL | AUTO_DISCOVERY_CANDIDATE score=12",0
virgin-islands-public-broadcasting-system,Virgin Islands Public Broadcasting System,https://www.wtjx.org/about/,"UNRESOLVED: candidate from 990 watchlist; page_url to be added after verification | hint: Virgin Islands Public Broadcasting System audited financial statements public documents | AUTO_DISCOVERY_CANDIDATE score=11 | AUTO_DISCOVERY_REJECTED: non-station, article, or weak-match URL | AUTO_DISCOVERY_CANDIDATE score=13 | AUTO_DISCOVERY_REJECTED: non-station, directory, or article URL | VERIFIED_MANUAL: WTJX about page points to station public inspection file",1
vermont-public-co,Vermont Public Co.,https://www.vermontpublic.org/about-us,UNRESOLVED: candidate from 990 watchlist; page_url to be added after verification | hint: Vermont Public Co. audited financial statements public documents | AUTO_DISCOVERY_CANDIDATE score=13 | AUTO_DISCOVERY_REJECTED: non-station or aggregator domain | AUTO_DISCOVERY_CANDIDATE score=10,0
cascade-public-media,Cascade Public Media,https://www.cascadepbs.org/about/,UNRESOLVED: candidate from 990 watchlist; page_url to be added after verification | hint: Cascade Public Media audited financial statements public documents | AUTO_DISCOVERY_CANDIDATE score=13 | AUTO_DISCOVERY_REJECTED: non-station or aggregator domain | AUTO_DISCOVERY_CANDIDATE score=11,0
friends-of-ksps,Friends of KSPS,https://www.ksps.org/about-ksps/,UNRESOLVED: candidate from 990 watchlist; page_url to be added after verification | hint: Friends of KSPS audited financial statements public documents | AUTO_DISCOVERY_CANDIDATE score=13 | AUTO_DISCOVERY_REJECTED: non-station or aggregator domain | AUTO_DISCOVERY_CANDIDATE score=11,0
koahnic-broadcast-corporation,Koahnic Broadcast Corporation,https://koahnic.org/public-reporting,"UNRESOLVED: candidate from 990 watchlist; page_url to be added after verification | hint: Koahnic Broadcast Corporation audited financial statements public documents | AUTO_DISCOVERY_CANDIDATE score=11 | AUTO_DISCOVERY_REJECTED: non-station, article, or weak-match URL | AUTO_DISCOVERY_REJECTED: non-station, directory, or article URL | AUTO_DISCOVERY_CANDIDATE score=13 | VERIFIED_MANUAL: Koahnic public reporting page with audited statements and CPB AFR links",1
silakkuagvik-communications-inc,"Silakkuagvik Communications, Inc.",https://www.kbrw.org/about/,"UNRESOLVED: candidate from 990 watchlist; page_url to be added after verification | hint: Silakkuagvik Communications, Inc. audited financial statements public documents | AUTO_DISCOVERY_CANDIDATE score=13 | AUTO_DISCOVERY_REJECTED: non-station or aggregator domain | AUTO_DISCOVERY_CANDIDATE score=9",0
gwandak-public-broadcasting-inc,"Gwandak Public Broadcasting, Inc.",https://kzparadio.org/about/,"UNRESOLVED: candidate from 990 watchlist; page_url to be added after verification | hint: Gwandak Public Broadcasting, Inc. audited financial statements public documents | AUTO_DISCOVERY_CANDIDATE score=13 | AUTO_DISCOVERY_REJECTED: non-station or aggregator domain | AUTO_DISCOVERY_CANDIDATE score=11 | AUTO_DISCOVERY_REJECTED: non-station, article, or weak-match URL | AUTO_DISCOVERY_CANDIDATE score=9",0
big-river-public-broadcasting-corporation,Big River Public Broadcasting Corporation,https://kiyu.com/fcc-public-files/,UNRESOLVED: candidate from 990 watchlist; page_url to be added after verification | hint: Big River Public Broadcasting Corporation audited financial statements public documents | AUTO_DISCOVERY_CANDIDATE score=13 | AUTO_DISCOVERY_REJECTED: non-station or aggregator domain | AUTO_DISCOVERY_CANDIDATE score=11,0
lynn-canal-broadcasting,Lynn Canal Broadcasting,https://khns.org/about-khns/,"UNRESOLVED: candidate from 990 watchlist; page_url to be added after verification | hint: Lynn Canal Broadcasting audited financial statements public documents | AUTO_DISCOVERY_CANDIDATE score=11 | AUTO_DISCOVERY_REJECTED: non-station or aggregator domain | AUTO_DISCOVERY_CANDIDATE score=13 | AUTO_DISCOVERY_REJECTED: non-station, article, or weak-match URL | AUTO_DISCOVERY_CANDIDATE score=9 | AUTO_DISCOVERY_REJECTED: non-station, directory, or article URL",0
kachemak-bay-broadcasting-inc,"Kachemak Bay Broadcasting, Inc.",https://www.kbbi.org/bylaws-finances-and-reports,"UNRESOLVED: candidate from 990 watchlist; page_url to be added after verification | hint: Kachemak Bay Broadcasting, Inc. audited financial statements public documents | AUTO_DISCOVERY_CANDIDATE score=13 | AUTO_DISCOVERY_REJECTED: non-station or aggregator domain | VERIFIED_MANUAL: KBBI bylaws/finances/reports page includes AFR and audited financial reports",1
rainbird-community-broadcasting-corporation,Rainbird Community Broadcasting Corporation,https://www.krbd.org/category/community-reports/,"UNRESOLVED: candidate from 990 watchlist; page_url to be added after verification | hint: Rainbird Community Broadcasting Corporation audited financial statements public documents | AUTO_DISCOVERY_CANDIDATE score=13 | AUTO_DISCOVERY_REJECTED: non-station or aggregator domain | AUTO_DISCOVERY_CANDIDATE score=8 | AUTO_DISCOVERY_REJECTED: non-station, article, or weak-match URL | AUTO_DISCOVERY_CANDIDATE score=11",0
kodiak-public-broadcasting-corporation,Kodiak Public Broadcasting Corporation,https://kodiak.org/about/,"UNRESOLVED: candidate from 990 watchlist; page_url to be added after verification | hint: Kodiak Public Broadcasting Corporation audited financial statements public documents | AUTO_DISCOVERY_CANDIDATE score=11 | AUTO_DISCOVERY_REJECTED: non-station, article, or weak-match URL | AUTO_DISCOVERY_REJECTED: non-station, directory, or article URL",0
kotzebue-broadcasting-inc,"Kotzebue Broadcasting, Inc",https://www.kotz.org/eeo-public-file-report,"UNRESOLVED: candidate from 990 watchlist; page_url to be added after verification | hint: Kotzebue Broadcasting, Inc audited financial statements public documents | AUTO_DISCOVERY_CANDIDATE score=9 | AUTO_DISCOVERY_REJECTED: non-station or aggregator domain | AUTO_DISCOVERY_CANDIDATE score=8",0
kuskokwim-public-broadcasting-corporation,Kuskokwim Public Broadcasting Corporation,https://alaskapublic.org/about/public-documents,UNRESOLVED: candidate from 990 watchlist; page_url to be added after verification | hint: Kuskokwim Public Broadcasting Corporation audited financial statements public documents | AUTO_DISCOVERY_CANDIDATE score=11,0
narrows-broadcasting-corporation,Narrows Broadcasting Corporation,https://www.whro.org/annual-reports/cpb-reports,"UNRESOLVED: candidate from 990 watchlist; page_url to be added after verification | hint: Narrows Broadcasting Corporation audited financial statements public documents | AUTO_DISCOVERY_CANDIDATE score=13 | AUTO_DISCOVERY_REJECTED: non-station or aggregator domain | AUTO_DISCOVERY_REJECTED: non-station, article, or weak-match URL",0
aleutian-peninsula-broadcasting-inc,"Aleutian Peninsula Broadcasting, Inc.",https://www.apradio.org/fcc-public-inspection-files-aleutian-peninsula-broadcasting-inc-ksdp-am-kaeb-fm/,"UNRESOLVED: candidate from 990 watchlist; page_url to be added after verification | hint: Aleutian Peninsula Broadcasting, Inc. audited financial statements public documents | AUTO_DISCOVERY_CANDIDATE score=13 | AUTO_DISCOVERY_REJECTED: non-station or aggregator domain | AUTO_DISCOVERY_CANDIDATE score=11",0
raven-radio-foundation-inc,"Raven Radio Foundation, Inc.",https://www.ravenfoundation.org/about-us/,"UNRESOLVED: candidate from 990 watchlist; page_url to be added after verification | hint: Raven Radio Foundation, Inc. audited financial statements public documents | AUTO_DISCOVERY_CANDIDATE score=13 | AUTO_DISCOVERY_REJECTED: non-station or aggregator domain | AUTO_DISCOVERY_CANDIDATE score=11 | AUTO_DISCOVERY_REJECTED: non-station, article, or weak-match URL | AUTO_DISCOVERY_REJECTED: non-station, directory, or article URL",0
talkeetna-community-radio-inc,"Talkeetna Community Radio, Inc.",https://ktna.org/about/community-advisory-board/,"UNRESOLVED: candidate from 990 watchlist; page_url to be added after verification | hint: Talkeetna Community Radio, Inc. audited financial statements public documents | AUTO_DISCOVERY_CANDIDATE score=11",0
unakleet-broadcasting-inc,"Unakleet Broadcasting, Inc.",https://knsaradio.org/about,"UNRESOLVED: candidate from 990 watchlist; page_url to be added after verification | hint: Unakleet Broadcasting, Inc. audited financial statements public documents | AUTO_DISCOVERY_CANDIDATE score=8",0
unalaska-community-broadcasting-inc,"Unalaska Community Broadcasting, Inc.",https://www.kucb.org/kucb.org/community,"UNRESOLVED: candidate from 990 watchlist; page_url to be added after verification | hint: Unalaska Community Broadcasting, Inc. audited financial statements public documents | AUTO_DISCOVERY_CANDIDATE score=13 | AUTO_DISCOVERY_REJECTED: non-station or aggregator domain | AUTO_DISCOVERY_CANDIDATE score=11 | AUTO_DISCOVERY_REJECTED: non-station, article, or weak-match URL | AUTO_DISCOVERY_CANDIDATE score=9",0
terminal-radio-inc,Terminal Radio Inc.,https://kchu.org/about/public-files,UNRESOLVED: candidate from 990 watchlist; page_url to be added after verification | hint: Terminal Radio Inc. audited financial statements public documents | AUTO_DISCOVERY_CANDIDATE score=13,0
coastalaska-inc,"CoastAlaska, Inc.",https://www.coastalaska.org/about/,"UNRESOLVED: candidate from 990 watchlist; page_url to be added after verification | hint: CoastAlaska, Inc. audited financial statements public documents | AUTO_DISCOVERY_CANDIDATE score=11",0
pickle-hill-public-broadcasting-inc,"Pickle Hill Public Broadcasting, Inc.",https://www.kdll.org/about,"UNRESOLVED: candidate from 990 watchlist; page_url to be added after verification | hint: Pickle Hill Public Broadcasting, Inc. audited financial statements public documents | AUTO_DISCOVERY_CANDIDATE score=11 | AUTO_DISCOVERY_REJECTED: non-station or aggregator domain | AUTO_DISCOVERY_REJECTED: non-station, article, or weak-match URL | AUTO_DISCOVERY_CANDIDATE score=8",0
athabascan-fiddlers-association-inc,"Athabascan Fiddlers Association, Inc.",https://www.krff891.com/public-files,"UNRESOLVED: candidate from 990 watchlist; page_url to be added after verification | hint: Athabascan Fiddlers Association, Inc. audited financial statements public documents | AUTO_DISCOVERY_CANDIDATE score=13 | AUTO_DISCOVERY_REJECTED: non-station or aggregator domain | AUTO_DISCOVERY_CANDIDATE score=10",0
foundation-for-creative-broadcasting-inc,"Foundation for Creative Broadcasting, Inc.",https://kxci.org/about/,"UNRESOLVED: candidate from 990 watchlist; page_url to be added after verification | hint: Foundation for Creative Broadcasting, Inc. audited financial statements public documents | AUTO_DISCOVERY_CANDIDATE score=11 | AUTO_DISCOVERY_REJECTED: non-station or aggregator domain | AUTO_DISCOVERY_CANDIDATE score=9",0
apache-radio-broadcasting-corporation,Apache Radio Broadcasting Corporation,http://apacheradio.com/about/,UNRESOLVED: candidate from 990 watchlist; page_url to be added after verification | hint: Apache Radio Broadcasting Corporation audited financial statements public documents | AUTO_DISCOVERY_CANDIDATE score=10,0
the-hopi-foundation,The Hopi Foundation,https://www.hopifoundation.org/about/public-files,UNRESOLVED: candidate from 990 watchlist; page_url to be added after verification | hint: The Hopi Foundation audited financial statements public documents | AUTO_DISCOVERY_CANDIDATE score=15,0
tuba-city-high-school-board-inc,"Tuba City High School Board, Inc.",https://www.greyhillsacademy.org/page/kghr-913-fm,"UNRESOLVED: candidate from 990 watchlist; page_url to be added after verification | hint: Tuba City High School Board, Inc. audited financial statements public documents | AUTO_DISCOVERY_CANDIDATE score=13 | AUTO_DISCOVERY_REJECTED: non-station, article, or weak-match URL | AUTO_DISCOVERY_CANDIDATE score=9 | AUTO_DISCOVERY_REJECTED: non-station, directory, or article URL | UNVERIFIED_GUESS: mapped from CPB call sign to likely station/owner site; verify financial/public-files page before enabling",1
tohono-o-odham-nation,Tohono O'odham Nation,https://www.waknet.org/about/public-files,"UNRESOLVED: candidate from 990 watchlist; page_url to be added after verification | hint: Tohono O'odham Nation audited financial statements public documents | AUTO_DISCOVERY_CANDIDATE score=15 | AUTO_DISCOVERY_REJECTED: non-station, article, or weak-match URL | AUTO_DISCOVERY_CANDIDATE score=13",0
chico-state-enterprises,Chico State Enterprises,https://www.mynspr.org/governance-and-public-reports,"UNRESOLVED: candidate from 990 watchlist; page_url to be added after verification | hint: Chico State Enterprises audited financial statements public documents | AUTO_DISCOVERY_CANDIDATE score=13 | AUTO_DISCOVERY_REJECTED: non-station or aggregator domain | AUTO_DISCOVERY_CANDIDATE score=11 | AUTO_DISCOVERY_REJECTED: non-station, directory, or article URL | AUTO_DISCOVERY_CANDIDATE score=9 | VERIFIED_MANUAL: NSPR governance/public reports page with audited financial statements",1
radio-bilingue-inc,"Radio Bilingue, Inc.",https://radiobilingue.org/about/public-files,"UNRESOLVED: candidate from 990 watchlist; page_url to be added after verification | hint: Radio Bilingue, Inc. audited financial statements public documents | AUTO_DISCOVERY_CANDIDATE score=15",0
hoopa-valley-tribe,Hoopa Valley Tribe,https://www.hoopa-nsn.gov/hoopa-valley-tribe-announces-new-and-returning-appointments-to-the-kimaw-medical-center-board-2/,"UNRESOLVED: candidate from 990 watchlist; page_url to be added after verification | hint: Hoopa Valley Tribe audited financial statements public documents | AUTO_DISCOVERY_CANDIDATE score=17 | AUTO_DISCOVERY_REJECTED: non-station or aggregator domain | AUTO_DISCOVERY_CANDIDATE score=13 | AUTO_DISCOVERY_REJECTED: non-station, directory, or article URL",0
nevada-city-community-broadcast-group,Nevada City Community Broadcast Group,https://www.kvmr.org/about/public-files,UNRESOLVED: candidate from 990 watchlist; page_url to be added after verification | hint: Nevada City Community Broadcast Group audited financial statements public documents | AUTO_DISCOVERY_CANDIDATE score=13 | AUTO_DISCOVERY_REJECTED: non-station or aggregator domain,0
mendocino-county-public-broadcasting,Mendocino County Public Broadcasting,https://www.kzyx.org/mcpb-bylaws-and-financial-statements,UNRESOLVED: candidate from 990 watchlist; page_url to be added after verification | hint: Mendocino County Public Broadcasting audited financial statements public documents | AUTO_DISCOVERY_CANDIDATE score=4 | AUTO_DISCOVERY_REJECTED: low-value/non-source domain | AUTO_DISCOVERY_CANDIDATE score=8 | AUTO_DISCOVERY_REJECTED: non-station or aggregator domain | VERIFIED_MANUAL: MCPB bylaws and financial statements page with audited statements and AFR links,1
redwood-community-radio,Redwood Community Radio,https://kmud.org/about/financial-information/,UNRESOLVED: candidate from 990 watchlist; page_url to be added after verification | hint: Redwood Community Radio audited financial statements public documents | AUTO_DISCOVERY_CANDIDATE score=9 | AUTO_DISCOVERY_REJECTED: non-station or aggregator domain | AUTO_DISCOVERY_CANDIDATE score=11,0
kcbx-inc,"KCBX, Inc.",https://www.kcbx.org/about-us,"UNRESOLVED: candidate from 990 watchlist; page_url to be added after verification | hint: KCBX, Inc. audited financial statements public documents | AUTO_DISCOVERY_CANDIDATE score=13 | AUTO_DISCOVERY_REJECTED: non-station or aggregator domain | AUTO_DISCOVERY_CANDIDATE score=10",0
white-ash-broadcasting-inc,"White Ash Broadcasting, Inc.",https://www.kvpr.org/about,"UNRESOLVED: candidate from 990 watchlist; page_url to be added after verification | hint: White Ash Broadcasting, Inc. audited financial statements public documents | AUTO_DISCOVERY_CANDIDATE score=13 | AUTO_DISCOVERY_REJECTED: non-station or aggregator domain | AUTO_DISCOVERY_CANDIDATE score=9 | AUTO_DISCOVERY_REJECTED: non-station, directory, or article URL | AUTO_DISCOVERY_CANDIDATE score=8",0
kwmr-inc,"KWMR, Inc.",https://kwmr.org/about/public-files,"UNRESOLVED: candidate from 990 watchlist; page_url to be added after verification | hint: KWMR, Inc. audited financial statements public documents | AUTO_DISCOVERY_CANDIDATE score=15",0
golden-valley-community-broadcasters,Golden Valley Community Broadcasters,https://kzfr.org/pages/CPBcompliance,"UNRESOLVED: candidate from 990 watchlist; page_url to be added after verification | hint: Golden Valley Community Broadcasters audited financial statements public documents | AUTO_DISCOVERY_CANDIDATE score=13 | AUTO_DISCOVERY_REJECTED: non-station or aggregator domain | AUTO_DISCOVERY_REJECTED: non-station, directory, or article URL | AUTO_DISCOVERY_CANDIDATE score=9",0
equal-rep-of-media-advocacy-corp,Equal Rep. of Media Advocacy Corp.,https://www.krza.org/public-file.html,"UNRESOLVED: candidate from 990 watchlist; page_url to be added after verification | hint: Equal Rep. of Media Advocacy Corp. audited financial statements public documents | AUTO_DISCOVERY_CANDIDATE score=13 | AUTO_DISCOVERY_REJECTED: non-station or aggregator domain | AUTO_DISCOVERY_CANDIDATE score=9 | AUTO_DISCOVERY_REJECTED: non-station, directory, or article URL | AUTO_DISCOVERY_CANDIDATE score=8 | UNVERIFIED_GUESS: mapped from CPB call sign to likely station/owner site; verify financial/public-files page before enabling",1
roaring-fork-public-radio-inc,"Roaring Fork Public Radio, Inc.",https://www.aspenpublicradio.org/public-files,"UNRESOLVED: candidate from 990 watchlist; page_url to be added after verification | hint: Roaring Fork Public Radio, Inc. audited financial statements public documents | AUTO_DISCOVERY_CANDIDATE score=10",0
carbondale-community-access-radio,Carbondale Community Access Radio,https://www.kdnk.org/about,"UNRESOLVED: candidate from 990 watchlist; page_url to be added after verification | hint: Carbondale Community Access Radio audited financial statements public documents | AUTO_DISCOVERY_CANDIDATE score=13 | AUTO_DISCOVERY_REJECTED: non-station or aggregator domain | AUTO_DISCOVERY_CANDIDATE score=9 | AUTO_DISCOVERY_REJECTED: non-station, directory, or article URL | AUTO_DISCOVERY_CANDIDATE score=8",0
boulder-community-broadcast-association-inc,"Boulder Community Broadcast Association, Inc.",https://kgnu.org/about/reports,"UNRESOLVED: candidate from 990 watchlist; page_url to be added after verification | hint: Boulder Community Broadcast Association, Inc. audited financial statements public documents | AUTO_DISCOVERY_CANDIDATE score=11",0
community-radio-project-inc,"Community Radio Project, Inc.",http://communitypublicradio.org/about/public-files,"UNRESOLVED: candidate from 990 watchlist; page_url to be added after verification | hint: Community Radio Project, Inc. audited financial statements public documents | AUTO_DISCOVERY_CANDIDATE score=11 | AUTO_DISCOVERY_REJECTED: non-station or aggregator domain | AUTO_DISCOVERY_REJECTED: non-station, directory, or article URL | AUTO_DISCOVERY_CANDIDATE score=14",0
crested-butte-mountain-educational-radio-inc,Crested Butte Mountain Educational Radio Inc.,https://kbut.org/west-elk-word-2/west-elk-word-crested-butte-mountain-theatre-12-15-25/,UNRESOLVED: candidate from 990 watchlist; page_url to be added after verification | hint: Crested Butte Mountain Educational Radio Inc. audited financial statements public documents | AUTO_DISCOVERY_CANDIDATE score=13,0
public-broadcasting-of-colorado-inc,"Public Broadcasting of Colorado, Inc.",https://www.cpr.org/about/fcc-public-files/,"UNRESOLVED: candidate from 990 watchlist; page_url to be added after verification | hint: Public Broadcasting of Colorado, Inc. audited financial statements public documents | AUTO_DISCOVERY_CANDIDATE score=13",0
community-radio-for-northern-colorado,Community Radio for Northern Colorado,https://www.cpr.org/about/fcc-public-files/,UNRESOLVED: candidate from 990 watchlist; page_url to be added after verification | hint: Community Radio for Northern Colorado audited financial statements public documents | AUTO_DISCOVERY_CANDIDATE score=13 | AUTO_DISCOVERY_REJECTED: non-station or aggregator domain,0
kute-inc,"KUTE, Inc.",https://tribalradio.org/fcc-public-files/,"UNRESOLVED: candidate from 990 watchlist; page_url to be added after verification | hint: KUTE, Inc. audited financial statements public documents | AUTO_DISCOVERY_CANDIDATE score=11 | AUTO_DISCOVERY_REJECTED: non-station or aggregator domain",0
north-fork-valley-public-radio-inc,"North Fork Valley Public Radio, Inc.",https://www.kvnf.org/north-fork-valley-public-radio-online-public-files,"UNRESOLVED: candidate from 990 watchlist; page_url to be added after verification | hint: North Fork Valley Public Radio, Inc. audited financial statements public documents | AUTO_DISCOVERY_CANDIDATE score=13 | AUTO_DISCOVERY_REJECTED: non-station or aggregator domain | AUTO_DISCOVERY_CANDIDATE score=14",0
san-miguel-educational-fund,San Miguel Educational Fund,https://koto.org/about/,UNRESOLVED: candidate from 990 watchlist; page_url to be added after verification | hint: San Miguel Educational Fund audited financial statements public documents | AUTO_DISCOVERY_CANDIDATE score=4 | AUTO_DISCOVERY_REJECTED: low-value/non-source domain | AUTO_DISCOVERY_CANDIDATE score=9 | AUTO_DISCOVERY_REJECTED: non-station or aggregator domain,0
pulbic-radio-for-the-front-range,Pulbic Radio for the Front Range,https://cinradio.org/reports-and-filings/,"UNRESOLVED: candidate from 990 watchlist; page_url to be added after verification | hint: Pulbic Radio for the Front Range audited financial statements public documents | AUTO_DISCOVERY_CANDIDATE score=13 | AUTO_DISCOVERY_REJECTED: non-station or aggregator domain | AUTO_DISCOVERY_CANDIDATE score=9 | AUTO_DISCOVERY_REJECTED: non-station, directory, or article URL | AUTO_DISCOVERY_CANDIDATE score=4",0
grand-valley-public-radio-company-inc,"Grand Valley Public Radio Company, Inc.",https://kafmradio.org/financial-reports,"UNRESOLVED: candidate from 990 watchlist; page_url to be added after verification | hint: Grand Valley Public Radio Company, Inc. audited financial statements public documents | AUTO_DISCOVERY_CANDIDATE score=13 | AUTO_DISCOVERY_REJECTED: non-station or aggregator domain | AUTO_DISCOVERY_CANDIDATE score=10",0
town-of-monroe-connecticut,"Town of Monroe, Connecticut",https://monroect.gov/about/public-files,"UNRESOLVED: candidate from 990 watchlist; page_url to be added after verification | hint: Town of Monroe, Connecticut audited financial statements public documents | AUTO_DISCOVERY_CANDIDATE score=15",0
tri-state-public-communications-inc,"Tri-State Public Communications, Inc.",https://robinhoodradio.com/about,"UNRESOLVED: candidate from 990 watchlist; page_url to be added after verification | hint: Tri-State Public Communications, Inc. audited financial statements public documents | AUTO_DISCOVERY_CANDIDATE score=13 | AUTO_DISCOVERY_REJECTED: non-station or aggregator domain | AUTO_DISCOVERY_CANDIDATE score=9 | AUTO_DISCOVERY_REJECTED: non-station, directory, or article URL | AUTO_DISCOVERY_CANDIDATE score=8",0
delaware-first-media-corporation,Delaware First Media Corporation,https://www.delawarepublic.org/about-us,"UNRESOLVED: candidate from 990 watchlist; page_url to be added after verification | hint: Delaware First Media Corporation audited financial statements public documents | AUTO_DISCOVERY_CANDIDATE score=11 | AUTO_DISCOVERY_REJECTED: non-station, article, or weak-match URL | AUTO_DISCOVERY_CANDIDATE score=10",0
bascomb-memorial-broadcasting-foundation-inc,"Bascomb Memorial Broadcasting Foundation, Inc.",https://wdna.org/wp-content/uploads/2024/10/Final-Audit-BMBF-FS-12.31.2023.pdf,"UNRESOLVED: candidate from 990 watchlist; page_url to be added after verification | hint: Bascomb Memorial Broadcasting Foundation, Inc. audited financial statements public documents | AUTO_DISCOVERY_CANDIDATE score=13 | AUTO_DISCOVERY_REJECTED: non-station or aggregator domain | AUTO_DISCOVERY_CANDIDATE score=10 | AUTO_DISCOVERY_REJECTED: non-station, directory, or article URL | AUTO_DISCOVERY_CANDIDATE score=8 | VERIFIED_MANUAL: WDNA/Bascomb Memorial audited financial statements PDF",1
community-communications-inc,"Community Communications, Inc.",https://www.cfpublic.org/about,"UNRESOLVED: candidate from 990 watchlist; page_url to be added after verification | hint: Community Communications, Inc. audited financial statements public documents | AUTO_DISCOVERY_CANDIDATE score=13 | AUTO_DISCOVERY_REJECTED: non-station or aggregator domain | AUTO_DISCOVERY_CANDIDATE score=10 | AUTO_DISCOVERY_REJECTED: non-station, directory, or article URL | AUTO_DISCOVERY_CANDIDATE score=8",0
nathan-b-stubblefield-foundation,Nathan B. Stubblefield Foundation,https://www.wmnf.org/about-wmnf/public-reports/,"UNRESOLVED: candidate from 990 watchlist; page_url to be added after verification | hint: Nathan B. Stubblefield Foundation audited financial statements public documents | AUTO_DISCOVERY_CANDIDATE score=13 | AUTO_DISCOVERY_REJECTED: non-station or aggregator domain | AUTO_DISCOVERY_CANDIDATE score=11 | AUTO_DISCOVERY_REJECTED: non-station, directory, or article URL",0
guam-educational-radio-foundation,Guam Educational Radio Foundation,https://www.islapublic.org/about,"UNRESOLVED: candidate from 990 watchlist; page_url to be added after verification | hint: Guam Educational Radio Foundation audited financial statements public documents | AUTO_DISCOVERY_CANDIDATE score=13 | AUTO_DISCOVERY_REJECTED: non-station or aggregator domain | AUTO_DISCOVERY_CANDIDATE score=11 | AUTO_DISCOVERY_REJECTED: non-station, directory, or article URL | AUTO_DISCOVERY_CANDIDATE score=8",0
hawaii-public-radio,Hawaii Public Radio,https://www.hawaiipublicradio.org/public-files,UNRESOLVED: candidate from 990 watchlist; page_url to be added after verification | hint: Hawaii Public Radio audited financial statements public documents | AUTO_DISCOVERY_CANDIDATE score=12,0
kekahu-foundation-inc,"Kekahu Foundation, Inc.",https://www.kkcr.org/onair/about/fcc-irs-cpb/,"UNRESOLVED: candidate from 990 watchlist; page_url to be added after verification | hint: Kekahu Foundation, Inc. audited financial statements public documents | AUTO_DISCOVERY_CANDIDATE score=9 | AUTO_DISCOVERY_REJECTED: non-station or aggregator domain | AUTO_DISCOVERY_REJECTED: non-station, directory, or article URL | AUTO_DISCOVERY_CANDIDATE score=13 | VERIFIED_MANUAL: KKCR FCC/IRS/CPB page with audited financial statements and 990 links",1
iowa-public-radio-inc,"Iowa Public Radio, Inc.",https://www.iowapbs.org/about/communityreports/licenses,"UNRESOLVED: candidate from 990 watchlist; page_url to be added after verification | hint: Iowa Public Radio, Inc. audited financial statements public documents | AUTO_DISCOVERY_CANDIDATE score=13",0
nez-perce-tribe,Nez Perce Tribe,https://nezperce.org/government/finance/,"UNRESOLVED: candidate from 990 watchlist; page_url to be added after verification | hint: Nez Perce Tribe audited financial statements public documents | AUTO_DISCOVERY_CANDIDATE score=12 | AUTO_DISCOVERY_REJECTED: non-station, article, or weak-match URL | AUTO_DISCOVERY_CANDIDATE score=9 | AUTO_DISCOVERY_REJECTED: non-station, directory, or article URL | AUTO_DISCOVERY_CANDIDATE score=10",0
chicago-public-media-inc,"Chicago Public Media, Inc.",https://www.wbez.org/about/staff,"UNRESOLVED: candidate from 990 watchlist; page_url to be added after verification | hint: Chicago Public Media, Inc. audited financial statements public documents | AUTO_DISCOVERY_CANDIDATE score=11 | AUTO_DISCOVERY_REJECTED: non-station or aggregator domain | AUTO_DISCOVERY_CANDIDATE score=9 | AUTO_DISCOVERY_REJECTED: non-station, directory, or article URL",0
quad-cities-community-broadcasting-group,Quad Cities Community Broadcasting Group,https://www.wgvv.org/public_file.html,"UNRESOLVED: candidate from 990 watchlist; page_url to be added after verification | hint: Quad Cities Community Broadcasting Group audited financial statements public documents | AUTO_DISCOVERY_CANDIDATE score=15 | AUTO_DISCOVERY_REJECTED: non-station or aggregator domain | AUTO_DISCOVERY_REJECTED: non-station, directory, or article URL | AUTO_DISCOVERY_CANDIDATE score=13 | VERIFIED_MANUAL: WGVV public file page includes station governance and financial report links",1
elkhart-community-schools-corp,Elkhart Community Schools Corp.,https://www.wvpe.org/public-inspection-files,"UNRESOLVED: candidate from 990 watchlist; page_url to be added after verification | hint: Elkhart Community Schools Corp. audited financial statements public documents | AUTO_DISCOVERY_CANDIDATE score=13 | AUTO_DISCOVERY_REJECTED: non-station, article, or weak-match URL | AUTO_DISCOVERY_CANDIDATE score=9 | AUTO_DISCOVERY_REJECTED: non-station, directory, or article URL | AUTO_DISCOVERY_CANDIDATE score=4 | UNVERIFIED_GUESS: likely station site; confirm financial/public-files page before enabling",1
northeast-indiana-public-radio-inc,"Northeast Indiana Public Radio, Inc.",https://www.wboi.org/about-us,"UNRESOLVED: candidate from 990 watchlist; page_url to be added after verification | hint: Northeast Indiana Public Radio, Inc. audited financial statements public documents | AUTO_DISCOVERY_CANDIDATE score=13 | AUTO_DISCOVERY_REJECTED: non-station or aggregator domain | AUTO_DISCOVERY_CANDIDATE score=11 | AUTO_DISCOVERY_REJECTED: non-station, directory, or article URL | AUTO_DISCOVERY_CANDIDATE score=8",0
bloomington-community-radio-inc,"Bloomington Community Radio, Inc.",https://www.wglt.org/transparency-and-public-files,"UNRESOLVED: candidate from 990 watchlist; page_url to be added after verification | hint: Bloomington Community Radio, Inc. audited financial statements public documents | AUTO_DISCOVERY_CANDIDATE score=13 | AUTO_DISCOVERY_REJECTED: non-station, directory, or article URL | AUTO_DISCOVERY_CANDIDATE score=10",0
the-kanza-society-inc,"The Kanza Society, Inc.",https://www.hppr.org/about-us,"UNRESOLVED: candidate from 990 watchlist; page_url to be added after verification | hint: The Kanza Society, Inc. audited financial statements public documents | AUTO_DISCOVERY_CANDIDATE score=9 | AUTO_DISCOVERY_REJECTED: non-station, directory, or article URL | AUTO_DISCOVERY_CANDIDATE score=8",0
kentucky-public-radio-inc,"Kentucky Public Radio, Inc.",https://www.kentuckypublicmedia.org/about/public-files,"UNRESOLVED: candidate from 990 watchlist; page_url to be added after verification | hint: Kentucky Public Radio, Inc. audited financial statements public documents | AUTO_DISCOVERY_CANDIDATE score=15 | AUTO_DISCOVERY_REJECTED: non-station, directory, or article URL",0
appalshop-inc,Appalshop Inc.,https://appalshop.org/about/,"UNRESOLVED: candidate from 990 watchlist; page_url to be added after verification | hint: Appalshop Inc. audited financial statements public documents | AUTO_DISCOVERY_CANDIDATE score=9 | AUTO_DISCOVERY_REJECTED: non-station, directory, or article URL | AUTO_DISCOVERY_CANDIDATE score=7 | UNVERIFIED_GUESS: likely station site; confirm financial/public-files page before enabling",0
public-radio-inc,"Public Radio, Inc.",https://www.wrkf.org/about,"UNRESOLVED: candidate from 990 watchlist; page_url to be added after verification | hint: Public Radio, Inc. audited financial statements public documents | AUTO_DISCOVERY_CANDIDATE score=9 | AUTO_DISCOVERY_REJECTED: non-station, directory, or article URL | AUTO_DISCOVERY_CANDIDATE score=8 | UNVERIFIED_GUESS: likely station site; confirm financial/public-files page before enabling",1
the-friends-of-wwoz-inc,"The Friends of WWOZ, Inc.",https://test.wwoz.org/about/contributors,"UNRESOLVED: candidate from 990 watchlist; page_url to be added after verification | hint: The Friends of WWOZ, Inc. audited financial statements public documents | AUTO_DISCOVERY_CANDIDATE score=11 | AUTO_DISCOVERY_REJECTED: non-station, directory, or article URL",0
wicn-public-radio-inc,"WICN Public Radio, Inc.",https://wicn.org/about-wicn/,"UNRESOLVED: candidate from 990 watchlist; page_url to be added after verification | hint: WICN Public Radio, Inc. audited financial statements public documents | AUTO_DISCOVERY_CANDIDATE score=11",0
lower-cape-communications-inc,"Lower Cape Communications, Inc.",https://womr.org/about/,"UNRESOLVED: candidate from 990 watchlist; page_url to be added after verification | hint: Lower Cape Communications, Inc. audited financial statements public documents | AUTO_DISCOVERY_CANDIDATE score=12 | AUTO_DISCOVERY_REJECTED: non-station, directory, or article URL | AUTO_DISCOVERY_CANDIDATE score=11 | UNVERIFIED_GUESS: likely station site; confirm financial/public-files page before enabling",0
friends-of-mvyradio-inc,"Friends of mvyradio, Inc.",http://www.mvyradio.com/about/public-files,"UNRESOLVED: candidate from 990 watchlist; page_url to be added after verification | hint: Friends of mvyradio, Inc. audited financial statements public documents | AUTO_DISCOVERY_CANDIDATE score=14 | AUTO_DISCOVERY_REJECTED: non-station, directory, or article URL",0
wypr-license-holding-llc,WYPR License Holding LLC,https://www.wypr.org/about-wypr,"UNRESOLVED: candidate from 990 watchlist; page_url to be added after verification | hint: WYPR License Holding LLC audited financial statements public documents | AUTO_DISCOVERY_CANDIDATE score=10 | AUTO_DISCOVERY_REJECTED: non-station, directory, or article URL",0
salt-pond-community-broadcasting-co,Salt Pond Community Broadcasting Co.,https://weru.org/about/fcc-irs-cpb/,"UNRESOLVED: candidate from 990 watchlist; page_url to be added after verification | hint: Salt Pond Community Broadcasting Co. audited financial statements public documents | AUTO_DISCOVERY_CANDIDATE score=9 | AUTO_DISCOVERY_REJECTED: non-station, directory, or article URL | AUTO_DISCOVERY_CANDIDATE score=8 | UNVERIFIED_GUESS: likely station site; confirm financial/public-files page before enabling",1
interlochen-center-for-the-arts,Interlochen Center for the Arts,https://www.interlochenpublicradio.org/about-our-journalism,"UNRESOLVED: candidate from 990 watchlist; page_url to be added after verification | hint: Interlochen Center for the Arts audited financial statements public documents | AUTO_DISCOVERY_CANDIDATE score=11 | AUTO_DISCOVERY_REJECTED: non-station, directory, or article URL | AUTO_DISCOVERY_CANDIDATE score=13 | AUTO_DISCOVERY_CANDIDATE score=10",0
blue-lake-fine-arts-camp,Blue Lake Fine Arts Camp,https://www.bluelakeradio.org/public-file,"UNRESOLVED: candidate from 990 watchlist; page_url to be added after verification | hint: Blue Lake Fine Arts Camp audited financial statements public documents | AUTO_DISCOVERY_CANDIDATE score=13 | AUTO_DISCOVERY_REJECTED: non-station, directory, or article URL | UNVERIFIED_GUESS: mapped from CPB call sign to likely station/owner site; verify financial/public-files page before enabling",1
detroit-classical-and-jazz-educational-radio-llc,Detroit Classical and Jazz Educational Radio LLC,https://www.wrcjfm.org/features/2024-detroit-jazz-festival-photos/,"UNRESOLVED: candidate from 990 watchlist; page_url to be added after verification | hint: Detroit Classical and Jazz Educational Radio LLC audited financial statements public documents | AUTO_DISCOVERY_CANDIDATE score=11 | AUTO_DISCOVERY_REJECTED: non-station, directory, or article URL",0
west-michigan-community-help-network,West Michigan Community Help Network,https://wuvs.org/,"UNRESOLVED: candidate from 990 watchlist; page_url to be added after verification | hint: West Michigan Community Help Network audited financial statements public documents | AUTO_DISCOVERY_CANDIDATE score=15 | AUTO_DISCOVERY_REJECTED: non-station, directory, or article URL | AUTO_DISCOVERY_CANDIDATE score=6 | UNVERIFIED_GUESS: mapped from CPB call sign or org identity to likely official site; verify financial/public-files page before enabling",0
minnesota-public-radio,Minnesota Public Radio,https://www.mpr.org/public/fcc,"UNRESOLVED: candidate from 990 watchlist; page_url to be added after verification | hint: Minnesota Public Radio audited financial statements public documents | AUTO_DISCOVERY_CANDIDATE score=8 | AUTO_DISCOVERY_REJECTED: non-station, directory, or article URL | UNVERIFIED_GUESS: mapped from CPB call sign to likely station/owner site; verify financial/public-files page before enabling",1
northern-community-radio-inc,"Northern Community Radio, Inc.",https://www.kaxe.org/about-us,"UNRESOLVED: candidate from 990 watchlist; page_url to be added after verification | hint: Northern Community Radio, Inc. audited financial statements public documents | AUTO_DISCOVERY_CANDIDATE score=12 | AUTO_DISCOVERY_REJECTED: non-station, directory, or article URL | AUTO_DISCOVERY_CANDIDATE score=8",0
fresh-air-incorporated,Fresh Air Incorporated,https://whyy.org/about/fcc-public-files/,UNRESOLVED: candidate from 990 watchlist; page_url to be added after verification | hint: Fresh Air Incorporated audited financial statements public documents | AUTO_DISCOVERY_CANDIDATE score=13,0
cook-county-community-radio-corporation,Cook County Community Radio Corporation,https://wtip.org/about-us/community-advisory-board/,UNRESOLVED: candidate from 990 watchlist; page_url to be added after verification | hint: Cook County Community Radio Corporation audited financial statements public documents | AUTO_DISCOVERY_CANDIDATE score=11,0
center-for-communication-and-development,Center for Communication and Development,https://kmojfm.com/wp/financial-audits-2/,"UNRESOLVED: candidate from 990 watchlist; page_url to be added after verification | hint: Center for Communication and Development audited financial statements public documents | AUTO_DISCOVERY_CANDIDATE score=15 | AUTO_DISCOVERY_REJECTED: non-station, directory, or article URL | AUTO_DISCOVERY_CANDIDATE score=9 | UNVERIFIED_GUESS: mapped from CPB call sign to likely station/owner site; verify financial/public-files page before enabling",1
white-earth-land-recovery-project,White Earth Land Recovery Project,https://www.welrp.org/reports-publications/our-annual-reports/,"UNRESOLVED: candidate from 990 watchlist; page_url to be added after verification | hint: White Earth Land Recovery Project audited financial statements public documents | AUTO_DISCOVERY_CANDIDATE score=13 | AUTO_DISCOVERY_REJECTED: non-station, directory, or article URL",0
bois-forte-tribal-council,Bois Forte Tribal Council,https://kbft.org/about/compliance/,"UNRESOLVED: candidate from 990 watchlist; page_url to be added after verification | hint: Bois Forte Tribal Council audited financial statements public documents | AUTO_DISCOVERY_CANDIDATE score=13 | AUTO_DISCOVERY_REJECTED: non-station, directory, or article URL | AUTO_DISCOVERY_CANDIDATE score=11",0
leech-lake-band-of-ojibwe,Leech Lake Band of Ojibwe,https://llojibwe.org/aboutUs/demographics.html,"UNRESOLVED: candidate from 990 watchlist; page_url to be added after verification | hint: Leech Lake Band of Ojibwe audited financial statements public documents | AUTO_DISCOVERY_CANDIDATE score=13 | AUTO_DISCOVERY_REJECTED: non-station, directory, or article URL | AUTO_DISCOVERY_CANDIDATE score=11",0
new-wave-corporation,New Wave Corporation,https://www.kopn.org/about/public-documents/,"UNRESOLVED: candidate from 990 watchlist; page_url to be added after verification | hint: New Wave Corporation audited financial statements public documents | AUTO_DISCOVERY_CANDIDATE score=15 | AUTO_DISCOVERY_REJECTED: non-station, directory, or article URL | AUTO_DISCOVERY_CANDIDATE score=10 | UNVERIFIED_GUESS: mapped from CPB call sign to likely station/owner site; verify financial/public-files page before enabling",1
mid-coast-radio-project-inc,"Mid-Coast Radio Project, Inc.",https://www.wamc.org/about,"UNRESOLVED: candidate from 990 watchlist; page_url to be added after verification | hint: Mid-Coast Radio Project, Inc. audited financial statements public documents | AUTO_DISCOVERY_CANDIDATE score=8",0
double-helix-corporation,Double Helix Corporation,https://kdhx.org/about/public-files,UNRESOLVED: candidate from 990 watchlist; page_url to be added after verification | hint: Double Helix Corporation audited financial statements public documents | AUTO_DISCOVERY_CANDIDATE score=13,0
western-north-carolina-public-radio-inc,"Western North Carolina Public Radio, Inc.",https://www.bpr.org/about-us/sponsorship-language-guidelines,"UNRESOLVED: candidate from 990 watchlist; page_url to be added after verification | hint: Western North Carolina Public Radio, Inc. audited financial statements public documents | AUTO_DISCOVERY_CANDIDATE score=9",0
wunc-public-radio-llc,"WUNC Public Radio, LLC",https://www.wunc.org/about,"UNRESOLVED: candidate from 990 watchlist; page_url to be added after verification | hint: WUNC Public Radio, LLC audited financial statements public documents | AUTO_DISCOVERY_CANDIDATE score=10",0
friends-of-public-radio-inc,"Friends of Public Radio, Inc.",https://weta.org/about/reports,"UNRESOLVED: candidate from 990 watchlist; page_url to be added after verification | hint: Friends of Public Radio, Inc. audited financial statements public documents | AUTO_DISCOVERY_CANDIDATE score=13 | AUTO_DISCOVERY_REJECTED: non-station, directory, or article URL | AUTO_DISCOVERY_CANDIDATE score=11",0
keya-inc,"KEYA, Inc.",https://keyaradio.com/home/about-us/,"UNRESOLVED: candidate from 990 watchlist; page_url to be added after verification | hint: KEYA, Inc. audited financial statements public documents | AUTO_DISCOVERY_CANDIDATE score=11 | AUTO_DISCOVERY_REJECTED: non-station, directory, or article URL",0
fort-berthold-communication-enterprise,Fort Berthold Communication Enterprise,https://kmharadio.fm/public-file-documents-2024/,"UNRESOLVED: candidate from 990 watchlist; page_url to be added after verification | hint: Fort Berthold Communication Enterprise audited financial statements public documents | AUTO_DISCOVERY_CANDIDATE score=8 | AUTO_DISCOVERY_REJECTED: non-station, directory, or article URL | UNVERIFIED_GUESS: mapped from CPB call sign to likely station/owner site; verify financial/public-files page before enabling",1
dakota-circle-tipi-inc,"Dakota Circle Tipi, Inc.",https://www.kabufm.com/,"UNRESOLVED: candidate from 990 watchlist; page_url to be added after verification | hint: Dakota Circle Tipi, Inc. audited financial statements public documents | AUTO_DISCOVERY_CANDIDATE score=8 | AUTO_DISCOVERY_REJECTED: non-station, directory, or article URL | UNVERIFIED_GUESS: mapped from CPB call sign to likely station/owner site; verify financial/public-files page before enabling",0
sunrise-communications-inc,"Sunrise Communications, Inc.",https://kzum.org/about-the-news/,"UNRESOLVED: candidate from 990 watchlist; page_url to be added after verification | hint: Sunrise Communications, Inc. audited financial statements public documents | AUTO_DISCOVERY_CANDIDATE score=9",0
new-hampshire-public-radio-incorporated,"New Hampshire Public Radio, Incorporated",https://www.nhpr.org/financial-employment-activity-information,"UNRESOLVED: candidate from 990 watchlist; page_url to be added after verification | hint: New Hampshire Public Radio, Incorporated audited financial statements public documents | UNVERIFIED_GUESS: likely financial/audit page URL; confirm before enabling | VERIFIED_ALIAS: NHPR legal entity mapped to annual reports/financials page | URL_UPDATED_2026-03-09_PASS2",1
newark-public-radio-inc,"Newark Public Radio, Inc.",https://www.wbgo.org/reports-public-file,"UNRESOLVED: candidate from 990 watchlist; page_url to be added after verification | hint: Newark Public Radio, Inc. audited financial statements public documents | AUTO_DISCOVERY_CANDIDATE score=10",0
auricle-communications,Auricle Communications,https://freeform.wfmu.org/about/,"UNRESOLVED: candidate from 990 watchlist; page_url to be added after verification | hint: Auricle Communications audited financial statements public documents | AUTO_DISCOVERY_CANDIDATE score=9 | AUTO_DISCOVERY_REJECTED: non-station, directory, or article URL",0
jicarilla-apache-tribe,Jicarilla Apache Tribe,https://www.jicarilla-nsn.gov/,"UNRESOLVED: candidate from 990 watchlist; page_url to be added after verification | hint: Jicarilla Apache Tribe audited financial statements public documents | AUTO_DISCOVERY_CANDIDATE score=15 | AUTO_DISCOVERY_REJECTED: non-station, directory, or article URL | AUTO_DISCOVERY_CANDIDATE score=11 | UNVERIFIED_GUESS: mapped from CPB call sign to likely station/owner site; verify financial/public-files page before enabling",0
ramah-navajo-school-board-inc,"Ramah Navajo School Board, Inc.",https://ktdbfm.com/,"UNRESOLVED: candidate from 990 watchlist; page_url to be added after verification | hint: Ramah Navajo School Board, Inc. audited financial statements public documents | AUTO_DISCOVERY_CANDIDATE score=14 | AUTO_DISCOVERY_REJECTED: non-station, directory, or article URL | AUTO_DISCOVERY_CANDIDATE score=10 | UNVERIFIED_GUESS: mapped from CPB call sign or org identity to likely official site; verify financial/public-files page before enabling",0
zuni-communications-authority,Zuni Communications Authority,https://www.kshifm.com/,"UNRESOLVED: candidate from 990 watchlist; page_url to be added after verification | hint: Zuni Communications Authority audited financial statements public documents | AUTO_DISCOVERY_CANDIDATE score=12 | AUTO_DISCOVERY_REJECTED: non-station, directory, or article URL | UNVERIFIED_GUESS: mapped from CPB call sign or org identity to likely official site; verify financial/public-files page before enabling",0
gallup-public-radio,Gallup Public Radio,https://kglp.org/fcc-and-cpb-reports,"UNRESOLVED: candidate from 990 watchlist; page_url to be added after verification | hint: Gallup Public Radio audited financial statements public documents | AUTO_DISCOVERY_CANDIDATE score=9 | AUTO_DISCOVERY_REJECTED: non-station, directory, or article URL | UNVERIFIED_GUESS: mapped from CPB call sign or org identity to likely official site; verify financial/public-files page before enabling",1
the-american-general-media-foundation,The American General Media Foundation,https://khfm.org/cpb-compliance/,"UNRESOLVED: candidate from 990 watchlist; page_url to be added after verification | hint: The American General Media Foundation audited financial statements public documents | AUTO_DISCOVERY_CANDIDATE score=13 | AUTO_DISCOVERY_REJECTED: non-station, directory, or article URL | AUTO_DISCOVERY_CANDIDATE score=9 | UNVERIFIED_GUESS: mapped from CPB call sign or org identity to likely official site; verify financial/public-files page before enabling",1
nevada-public-radio,Nevada Public Radio,https://knpr.org/public-files,UNRESOLVED: candidate from 990 watchlist; page_url to be added after verification | hint: Nevada Public Radio audited financial statements public documents | UNVERIFIED_GUESS: mapped from CPB call sign or org identity to likely official site; verify financial/public-files page before enabling,1
wamc,WAMC,https://www.wamc.org/about,UNRESOLVED: candidate from 990 watchlist; page_url to be added after verification | hint: WAMC audited financial statements public documents | AUTO_DISCOVERY_CANDIDATE score=10,0
radio-catskill-inc,"Radio Catskill, Inc.",https://wjffradio.org/about/reports,"UNRESOLVED: candidate from 990 watchlist; page_url to be added after verification | hint: Radio Catskill, Inc. audited financial statements public documents | AUTO_DISCOVERY_CANDIDATE score=11",0
cincinnati-public-radio-inc,"Cincinnati Public Radio, Inc.",https://cinradio.org/about/reports,"UNRESOLVED: candidate from 990 watchlist; page_url to be added after verification | hint: Cincinnati Public Radio, Inc. audited financial statements public documents | AUTO_DISCOVERY_CANDIDATE score=11 | AUTO_DISCOVERY_REJECTED: non-station, directory, or article URL",0
dayton-public-radio-inc,"Dayton Public Radio, Inc.",https://alaskapublic.org/about/public-documents,"UNRESOLVED: candidate from 990 watchlist; page_url to be added after verification | hint: Dayton Public Radio, Inc. audited financial statements public documents | AUTO_DISCOVERY_CANDIDATE score=11",0
miami-valley-public-media-inc,"Miami Valley Public Media, Inc.",https://www.wyso.org/about-wyso,"UNRESOLVED: candidate from 990 watchlist; page_url to be added after verification | hint: Miami Valley Public Media, Inc. audited financial statements public documents | AUTO_DISCOVERY_CANDIDATE score=9 | AUTO_DISCOVERY_REJECTED: non-station, directory, or article URL | AUTO_DISCOVERY_CANDIDATE score=8",0
maple-knoll-communities-inc,"Maple Knoll Communities, Inc.",https://www.wmkvfm.org/,"UNRESOLVED: candidate from 990 watchlist; page_url to be added after verification | hint: Maple Knoll Communities, Inc. audited financial statements public documents | AUTO_DISCOVERY_CANDIDATE score=13 | AUTO_DISCOVERY_REJECTED: non-station, directory, or article URL | UNVERIFIED_GUESS: mapped from CPB call sign or org identity to likely official site; verify financial/public-files page before enabling",0
tillicum-foundation,Tillicum Foundation,https://kmun.org/cpb-community-service-grant-csg-compliance/,"UNRESOLVED: candidate from 990 watchlist; page_url to be added after verification | hint: Tillicum Foundation audited financial statements public documents | AUTO_DISCOVERY_CANDIDATE score=13 | AUTO_DISCOVERY_REJECTED: non-station, directory, or article URL | AUTO_DISCOVERY_CANDIDATE score=9",0
the-kboo-foundation,The KBOO Foundation,https://kboo.com/annual-reports,UNRESOLVED: candidate from 990 watchlist; page_url to be added after verification | hint: The KBOO Foundation audited financial statements public documents | AUTO_DISCOVERY_CANDIDATE score=14,0
all-classical-public-media-inc,"All Classical Public Media, Inc.",https://www.allclassical.org/about/public-files,"UNRESOLVED: candidate from 990 watchlist; page_url to be added after verification | hint: All Classical Public Media, Inc. audited financial statements public documents | AUTO_DISCOVERY_CANDIDATE score=15",0
confederated-tribes-of-warm-springs,Confederated Tribes of Warm Springs,https://kwso.org/about-kwso/policycompliance/,"UNRESOLVED: candidate from 990 watchlist; page_url to be added after verification | hint: Confederated Tribes of Warm Springs audited financial statements public documents | AUTO_DISCOVERY_CANDIDATE score=11 | AUTO_DISCOVERY_REJECTED: non-station, directory, or article URL | AUTO_DISCOVERY_CANDIDATE score=13 | UNVERIFIED_GUESS: mapped from CPB call sign or org identity to likely official site; verify financial/public-files page before enabling",1
confederated-tribes-of-the-umatilla-indian-reserva,Confederated Tribes of the Umatilla Indian Reservation,https://ctuir.org/services/indian-lake-reservations/,"UNRESOLVED: candidate from 990 watchlist; page_url to be added after verification | hint: Confederated Tribes of the Umatilla Indian Reservation audited financial statements public documents | AUTO_DISCOVERY_CANDIDATE score=11 | AUTO_DISCOVERY_REJECTED: non-station, directory, or article URL",0
lehigh-valley-community-broadcasters-association,Lehigh Valley Community Broadcasters Association,https://www.lehighvalleypublicmedia.org/about-us/,"UNRESOLVED: candidate from 990 watchlist; page_url to be added after verification | hint: Lehigh Valley Community Broadcasters Association audited financial statements public documents | AUTO_DISCOVERY_CANDIDATE score=13 | AUTO_DISCOVERY_REJECTED: non-station, directory, or article URL",0
spanish-american-civic-association-for-equality-in,"Spanish American Civic Association for Equality, Inc.",https://wlchradio.org/public-documents/,"UNRESOLVED: candidate from 990 watchlist; page_url to be added after verification | hint: Spanish American Civic Association for Equality, Inc. audited financial statements public documents | AUTO_DISCOVERY_CANDIDATE score=9 | AUTO_DISCOVERY_REJECTED: non-station, directory, or article URL | AUTO_DISCOVERY_CANDIDATE score=13 | UNVERIFIED_GUESS: mapped from CPB call sign or org identity to likely official site; verify financial/public-files page before enabling",1
pittsburgh-community-broadcasting-corporation,Pittsburgh Community Broadcasting Corporation,https://pittsburghcommunitybroadcasting.org/about,"UNRESOLVED: candidate from 990 watchlist; page_url to be added after verification | hint: Pittsburgh Community Broadcasting Corporation audited financial statements public documents | AUTO_DISCOVERY_CANDIDATE score=12 | AUTO_DISCOVERY_REJECTED: non-station, directory, or article URL",0
rhode-island-public-radio,Rhode Island Public Radio,https://thepublicsradio.org/faqs-about-the-publics-radio-and-rhode-island-pbs-merger/,"UNRESOLVED: candidate from 990 watchlist; page_url to be added after verification | hint: Rhode Island Public Radio audited financial statements public documents | AUTO_DISCOVERY_CANDIDATE score=13 | AUTO_DISCOVERY_REJECTED: non-station, directory, or article URL",0
lakota-communications-inc,"Lakota Communications, Inc.",https://www.kiliradio.live/about/public-files,"UNRESOLVED: candidate from 990 watchlist; page_url to be added after verification | hint: Lakota Communications, Inc. audited financial statements public documents | AUTO_DISCOVERY_CANDIDATE score=13 | AUTO_DISCOVERY_REJECTED: non-station, directory, or article URL",0
seventh-generation-media-services-inc,"Seventh Generation Media Services, Inc.",https://www.klndradio895.com/about/public-files,"UNRESOLVED: candidate from 990 watchlist; page_url to be added after verification | hint: Seventh Generation Media Services, Inc. audited financial statements public documents | AUTO_DISCOVERY_CANDIDATE score=13",0
native-american-community-board-inc,"Native American Community Board, Inc.",https://www.nativeshop.org/dakota-talk-radio/,"UNRESOLVED: candidate from 990 watchlist; page_url to be added after verification | hint: Native American Community Board, Inc. audited financial statements public documents | AUTO_DISCOVERY_CANDIDATE score=15 | AUTO_DISCOVERY_REJECTED: non-station, directory, or article URL | AUTO_DISCOVERY_CANDIDATE score=13 | UNVERIFIED_GUESS: mapped from CPB call sign or org identity to likely official site; verify financial/public-files page before enabling",1
rosebud-sioux-tribe,Rosebud Sioux Tribe,https://www.rosebudsiouxtribe-nsn.gov/about-8,UNRESOLVED: candidate from 990 watchlist; page_url to be added after verification | hint: Rosebud Sioux Tribe audited financial statements public documents | AUTO_DISCOVERY_CANDIDATE score=14,0
nashville-public-radio,Nashville Public Radio,https://nashvillepublicradio.org/cpb-transparency-report/,UNRESOLVED: candidate from 990 watchlist; page_url to be added after verification | hint: Nashville Public Radio audited financial statements public documents | UNVERIFIED_GUESS: likely financial/audit page URL; confirm before enabling | VERIFIED_ALIAS: WPLN/Nashville Public Radio mapped to financials page | URL_UPDATED_2026-03-09_PASS2,1
cumberland-communities-communications-corporation,Cumberland Communities Communications Corporation,https://wdvx.com/about/history-mission/reports/,"UNRESOLVED: candidate from 990 watchlist; page_url to be added after verification | hint: Cumberland Communities Communications Corporation audited financial statements public documents | AUTO_DISCOVERY_CANDIDATE score=17 | AUTO_DISCOVERY_REJECTED: non-station, directory, or article URL | AUTO_DISCOVERY_CANDIDATE score=11 | UNVERIFIED_GUESS: mapped from CPB call sign or org identity to likely official site; verify financial/public-files page before enabling",1
marfa-public-radio-corporation,Marfa Public Radio Corporation,https://www.marfapublicradio.org/fcc-public-files,"UNRESOLVED: candidate from 990 watchlist; page_url to be added after verification | hint: Marfa Public Radio Corporation audited financial statements public documents | AUTO_DISCOVERY_CANDIDATE score=15 | AUTO_DISCOVERY_REJECTED: non-station, directory, or article URL | AUTO_DISCOVERY_CANDIDATE score=12",0
brazos-valley-public-broadcasting-foundation,Brazos Valley Public Broadcasting Foundation,https://www.kwbu.org/about-us,"UNRESOLVED: candidate from 990 watchlist; page_url to be added after verification | hint: Brazos Valley Public Broadcasting Foundation audited financial statements public documents | AUTO_DISCOVERY_CANDIDATE score=9 | AUTO_DISCOVERY_REJECTED: non-station, directory, or article URL | AUTO_DISCOVERY_CANDIDATE score=8",0
capitol-broadcasting-association-inc,"Capitol Broadcasting Association, Inc.",https://www.kmfa.org/about/,"UNRESOLVED: candidate from 990 watchlist; page_url to be added after verification | hint: Capitol Broadcasting Association, Inc. audited financial statements public documents | AUTO_DISCOVERY_CANDIDATE score=13 | AUTO_DISCOVERY_REJECTED: non-station, directory, or article URL | AUTO_DISCOVERY_CANDIDATE score=11 | UNVERIFIED_GUESS: mapped from CPB call sign or org identity to likely official site; verify financial/public-files page before enabling",0
community-wireless-of-park-city-inc,"Community Wireless of Park City, Inc.",https://www.kpcw.org/about,"UNRESOLVED: candidate from 990 watchlist; page_url to be added after verification | hint: Community Wireless of Park City, Inc. audited financial statements public documents | AUTO_DISCOVERY_CANDIDATE score=11 | AUTO_DISCOVERY_REJECTED: non-station, directory, or article URL | AUTO_DISCOVERY_CANDIDATE score=8",0
listeners-community-radio-of-utah-inc,"Listeners Community Radio of Utah, Inc.",https://krcl.org/listeners-community-radio-of-utah-is-a-501c3-registered-non-profit-ein-87-0322222/,"UNRESOLVED: candidate from 990 watchlist; page_url to be added after verification | hint: Listeners Community Radio of Utah, Inc. audited financial statements public documents | AUTO_DISCOVERY_CANDIDATE score=13",0
virginia-tech-foundation-inc,"Virginia Tech Foundation, Inc.",https://www.wvtf.org/wvtf-and-radio-iq-notices,"UNRESOLVED: candidate from 990 watchlist; page_url to be added after verification | hint: Virginia Tech Foundation, Inc. audited financial statements public documents | AUTO_DISCOVERY_CANDIDATE score=13 | AUTO_DISCOVERY_REJECTED: non-station, directory, or article URL | UNVERIFIED_GUESS: mapped from CPB call sign or org identity to likely official site; verify financial/public-files page before enabling",1
stu-comm-inc,"STU-COMM, Inc.",https://wnrn.org/about/annual-reports/,"UNRESOLVED: candidate from 990 watchlist; page_url to be added after verification | hint: STU-COMM, Inc. audited financial statements public documents | AUTO_DISCOVERY_CANDIDATE score=15",0
northwest-communities-education-center,Northwest Communities' Education Center,https://kdna.org/annual-eeo-public-file/,UNRESOLVED: candidate from 990 watchlist; page_url to be added after verification | hint: Northwest Communities' Education Center audited financial statements public documents | AUTO_DISCOVERY_CANDIDATE score=9,0
spokane-public-radio,Spokane Public Radio,https://www.spokanepublicradio.org/tags/about-underwriting,UNRESOLVED: candidate from 990 watchlist; page_url to be added after verification | hint: Spokane Public Radio audited financial statements public documents | AUTO_DISCOVERY_CANDIDATE score=11,0
pacific-public-media,Pacific Public Media,https://www.knkx.org/reports,UNRESOLVED: candidate from 990 watchlist; page_url to be added after verification | hint: Pacific Public Media audited financial statements public documents | UNVERIFIED_GUESS: mapped from CPB call sign or org identity to likely official site; verify financial/public-files page before enabling,1
classic-radio,Classic Radio,https://www.houstonpublicmedia.org/about/corporation-for-public-broadcasting-cpb-compliance/,UNRESOLVED: candidate from 990 watchlist; page_url to be added after verification | hint: Classic Radio audited financial statements public documents | AUTO_DISCOVERY_CANDIDATE score=11,0
friends-of-kexp,Friends of KEXP,https://www.kexp.org/about/annual-reports/,UNRESOLVED: candidate from 990 watchlist; page_url to be added after verification | hint: Friends of KEXP audited financial statements public documents | AUTO_DISCOVERY_CANDIDATE score=17,0
seattle-public-schools,Seattle Public Schools,https://www.c895.org/cpb/,"UNRESOLVED: candidate from 990 watchlist; page_url to be added after verification | hint: Seattle Public Schools audited financial statements public documents | AUTO_DISCOVERY_CANDIDATE score=19 | AUTO_DISCOVERY_REJECTED: non-station, directory, or article URL | UNVERIFIED_GUESS: mapped from CPB call sign or org identity to likely official site; verify financial/public-files page before enabling",1
lac-courte-oreilles-ojibwa-public-broadcasting-cor,Lac Courte Oreilles Ojibwa Public Broadcasting Corporation,https://pbswisconsin.org/about/annual-reports/,UNRESOLVED: candidate from 990 watchlist; page_url to be added after verification | hint: Lac Courte Oreilles Ojibwa Public Broadcasting Corporation audited financial statements public documents | AUTO_DISCOVERY_CANDIDATE score=15,0
back-porch-radio-broadcasting-inc,"Back Porch Radio Broadcasting, Inc.",https://www.backporchradio.com/about/public-files,"UNRESOLVED: candidate from 990 watchlist; page_url to be added after verification | hint: Back Porch Radio Broadcasting, Inc. audited financial statements public documents | AUTO_DISCOVERY_CANDIDATE score=17",0
white-pine-community-broadcasting-inc,"White Pine Community Broadcasting, Inc.",https://www.wxpr.org/policy-and-compliance,"UNRESOLVED: candidate from 990 watchlist; page_url to be added after verification | hint: White Pine Community Broadcasting, Inc. audited financial statements public documents | AUTO_DISCOVERY_CANDIDATE score=13 | AUTO_DISCOVERY_REJECTED: non-station, directory, or article URL | UNVERIFIED_GUESS: mapped from CPB call sign or org identity to likely official site; verify financial/public-files page before enabling",1
pocahontas-communications-cooperative-corporation,Pocahontas Communications Cooperative Corporation,https://www.alleghenymountainradio.org/about/pocahontas-county/,UNRESOLVED: candidate from 990 watchlist; page_url to be added after verification | hint: Pocahontas Communications Cooperative Corporation audited financial statements public documents | AUTO_DISCOVERY_CANDIDATE score=11,0
jackson-hole-community-radio-incorporated,"Jackson Hole Community Radio, Incorporated",https://891khol.org/about/,"UNRESOLVED: candidate from 990 watchlist; page_url to be added after verification | hint: Jackson Hole Community Radio, Incorporated audited financial statements public documents | AUTO_DISCOVERY_CANDIDATE score=13 | AUTO_DISCOVERY_REJECTED: non-station, directory, or article URL | UNVERIFIED_GUESS: mapped from CPB call sign or org identity to likely official site; verify financial/public-files page before enabling",0
npr,NPR,https://www.npr.org/about-npr/178660742/public-radio-finances,UNRESOLVED: candidate from 990 watchlist; page_url to be added after verification | hint: NPR audited financial statements public documents | UNVERIFIED_GUESS: mapped from CPB call sign or org identity to likely official site; verify financial/public-files page before enabling,1
pbs,PBS,https://pbswisconsin.org/about/annual-reports/,UNRESOLVED: candidate from 990 watchlist; page_url to be added after verification | hint: PBS audited financial statements public documents | AUTO_DISCOVERY_CANDIDATE score=15,0
prx,PRX,https://prx.org/about,"UNRESOLVED: candidate from 990 watchlist; page_url to be added after verification | hint: PRX audited financial statements public documents | AUTO_DISCOVERY_CANDIDATE score=9 | AUTO_DISCOVERY_REJECTED: non-station, directory, or article URL | UNVERIFIED_GUESS: mapped from CPB call sign or org identity to likely official site; verify financial/public-files page before enabling",0
american-public-television,American Public Television,https://www.aptonline.org/about/,"UNRESOLVED: candidate from 990 watchlist; page_url to be added after verification | hint: American Public Television audited financial statements public documents | AUTO_DISCOVERY_CANDIDATE score=13 | AUTO_DISCOVERY_REJECTED: non-station, directory, or article URL | UNVERIFIED_GUESS: mapped from CPB call sign or org identity to likely official site; verify financial/public-files page before enabling",0
america-s-public-television-stations,America's Public Television Stations,https://apts.org/about/,"UNRESOLVED: candidate from 990 watchlist; page_url to be added after verification | hint: America's Public Television Stations audited financial statements public documents | AUTO_DISCOVERY_CANDIDATE score=13 | AUTO_DISCOVERY_REJECTED: non-station, directory, or article URL | UNVERIFIED_GUESS: mapped from CPB call sign or org identity to likely official site; verify financial/public-files page before enabling",0
